,index
user,0
age,1
Afghanistan,2
Albania,3
Algeria,4
American Samoa,5
Andorra,6
Angola,7
Anguilla,8
Antarctica,9
Antigua and Barbuda,10
Argentina,11
Armenia,12
Aruba,13
Australia,14
Austria,15
Azerbaijan,16
Bahamas,17
Bahrain,18
Bangladesh,19
Barbados,20
Belarus,21
Belgium,22
Belize,23
Benin,24
Bermuda,25
Bhutan,26
Bolivia,27
Bosnia and Herzegovina,28
Botswana,29
Bouvet Island,30
Brazil,31
British Indian Ocean Territory,32
Brunei Darussalam,33
Bulgaria,34
Burkina Faso,35
Burundi,36
Cambodia,37
Cameroon,38
Canada,39
Cape Verde,40
Cayman Islands,41
Central African Republic,42
Chad,43
Chile,44
China,45
Christmas Island,46
Cocos (Keeling) Islands,47
Colombia,48
Comoros,49
Congo,50
"Congo, the Democratic Republic of the",51
Cook Islands,52
Costa Rica,53
Cote D'Ivoire,54
Croatia,55
Cuba,56
Cyprus,57
Czech Republic,58
Denmark,59
Djibouti,60
Dominica,61
Dominican Republic,62
Ecuador,63
Egypt,64
El Salvador,65
Equatorial Guinea,66
Eritrea,67
Estonia,68
Ethiopia,69
Falkland Islands (Malvinas),70
Faroe Islands,71
Fiji,72
Finland,73
France,74
French Guiana,75
French Polynesia,76
French Southern Territories,77
Gabon,78
Gambia,79
Georgia,80
Germany,81
Ghana,82
Gibraltar,83
Greece,84
Greenland,85
Grenada,86
Guadeloupe,87
Guam,88
Guatemala,89
Guinea-Bissau,90
Guyana,91
Haiti,92
Heard Island and Mcdonald Islands,93
Holy See (Vatican City State),94
Honduras,95
Hong Kong,96
Hungary,97
Iceland,98
India,99
Indonesia,100
"Iran, Islamic Republic of",101
Iraq,102
Ireland,103
Israel,104
Italy,105
Jamaica,106
Japan,107
Jordan,108
Kazakhstan,109
Kenya,110
Kiribati,111
"Korea, Democratic People's Republic of",112
"Korea, Republic of",113
Kuwait,114
Kyrgyzstan,115
Lao People's Democratic Republic,116
Latvia,117
Lebanon,118
Lesotho,119
Liberia,120
Libyan Arab Jamahiriya,121
Liechtenstein,122
Lithuania,123
Luxembourg,124
Macao,125
Macedonia,126
Madagascar,127
Malawi,128
Malaysia,129
Maldives,130
Mali,131
Malta,132
Marshall Islands,133
Martinique,134
Mauritania,135
Mauritius,136
Mayotte,137
Mexico,138
"Micronesia, Federated States of",139
Moldova,140
Monaco,141
Mongolia,142
Montenegro,143
Montserrat,144
Morocco,145
Mozambique,146
Myanmar,147
Namibia,148
Nauru,149
Nepal,150
Netherlands,151
Netherlands Antilles,152
New Caledonia,153
New Zealand,154
Nicaragua,155
Niger,156
Nigeria,157
Niue,158
Norfolk Island,159
Northern Mariana Islands,160
Norway,161
Oman,162
Pakistan,163
Palau,164
"Palestinian Territory, Occupied",165
Panama,166
Papua New Guinea,167
Paraguay,168
Peru,169
Philippines,170
Pitcairn,171
Poland,172
Portugal,173
Puerto Rico,174
Qatar,175
Reunion,176
Romania,177
Russian Federation,178
Rwanda,179
Saint Helena,180
Saint Kitts and Nevis,181
Saint Lucia,182
Saint Pierre and Miquelon,183
Saint Vincent and the Grenadines,184
Samoa,185
San Marino,186
Sao Tome and Principe,187
Saudi Arabia,188
Senegal,189
Serbia,190
Seychelles,191
Sierra Leone,192
Singapore,193
Slovakia,194
Slovenia,195
Solomon Islands,196
Somalia,197
South Africa,198
South Georgia and the South Sandwich Islands,199
Spain,200
Sri Lanka,201
Sudan,202
Suriname,203
Svalbard and Jan Mayen,204
Swaziland,205
Sweden,206
Switzerland,207
Syrian Arab Republic,208
Taiwan,209
Tajikistan,210
"Tanzania, United Republic of",211
Thailand,212
Timor-Leste,213
Togo,214
Tokelau,215
Tonga,216
Trinidad and Tobago,217
Tunisia,218
Turkey,219
Turkmenistan,220
Turks and Caicos Islands,221
Tuvalu,222
Uganda,223
Ukraine,224
United Arab Emirates,225
United Kingdom,226
United States,227
United States Minor Outlying Islands,228
Uruguay,229
Uzbekistan,230
Vanuatu,231
Venezuela,232
Viet Nam,233
"Virgin Islands, British",234
"Virgin Islands, U.s.",235
Wallis and Futuna,236
Western Sahara,237
Yemen,238
Zambia,239
Zimbabwe,240
f,241
m,242
03098741-08b3-4dd7-b3f6-1b0bfa2c879c,243
69c4cc43-8163-41c5-ac81-30946d27bb69,244
7a2e6b55-f149-4e74-be6a-30a1b1a387bb,245
7002bf88-1269-4965-a772-4ba1e7a91eaa,246
dbf7c761-e332-467b-b4d9-aafe06bbcf8f,247
a3cb23fc-acd3-4ce0-8f36-1e5aa6a18432,248
8b0f05ce-354e-4121-9e0b-8b4732ea844f,249
8363f94f-fd86-41b8-a56b-26eacb34f499,250
2e41ae9c-afd2-4f20-8f1e-17281ce9b472,251
c17f08f4-2542-46fb-97f3-3202d60c225a,252
4bd95eea-b9f6-4d70-a36c-cfea77431553,253
f467181e-d5e0-4285-b47e-e853dcc89ee7,254
4d9fb84a-8104-48c1-aa16-21f53c9053cc,255
3ff72a59-f39d-411d-9f93-2d4a86413013,256
5f58803e-8c4c-478e-8b51-477f38483ede,257
ff9deaae-da4f-42b7-a19e-36fedd3fc706,258
3231d12a-c42d-4977-b2a4-a6e4d87978e1,259
756cf672-d4ae-4470-a3af-a43d776a211d,260
8ca01f46-53ac-4af2-8516-55a909c0905e,261
a0ef7e1d-44ff-4039-9435-7d5fefdeecc9,262
c83907ee-8b5a-4547-8f68-96572243ea7f,263
dbbc47a5-1338-4830-9298-a8d0b11c0a46,264
f4a31f0a-51dd-4fa7-986d-3095c40c5ed9,265
a9965383-6bdd-49a3-a4bb-4f8008b9d80e,266
c1e5344e-1bff-4727-9417-a4f55e41b5ff,267
b5a31e9b-1fa2-45f9-91f5-b3a25fb38038,268
96c1edac-1011-4cb8-882c-27248de35071,269
370bd5a3-4abf-4356-8576-3a8fc0c11d65,270
1a120ec5-35b3-4f3e-aa49-7201550d9feb,271
2819834e-4e08-47b0-a2c4-b7672318e8f0,272
ffb2d3e3-a4cc-48cf-8fb0-f2f846e9d7b9,273
cc546218-cc08-4ae9-9592-ac1596c1470d,274
35dac7d2-0b1f-470f-9a5a-c53c8821f6d6,275
80b3cf5e-18fe-4c59-98c7-e5bb87210710,276
78ea5ea1-3c4d-4b7e-ac5d-68900319ebe2,277
8c32bb01-58a3-453b-8050-8c0620edb0e5,278
ea0f2a37-7007-4217-a812-396227f5013a,279
4cbbf0d6-6c78-4e3d-ab25-91b13603cf7c,280
e9aca1a3-836a-4e5e-b8d4-56d20c60af5f,281
b847e9d2-c931-4daf-900c-42c7b2c42e16,282
7a519099-d4c8-46c8-805b-214dab0e58a2,283
be407b02-f3e6-4ed5-9489-f8e5f0ab36dc,284
84eac621-1c5a-49a1-9500-555099c6e184,285
54b0584e-4e5e-4976-80d4-eea7a82a7213,286
4f615cfd-6365-45ce-8b2c-b461c1b3c164,287
81b96954-da0d-4d8f-a7fa-cbc77ae88a34,288
18eefb0f-7f1c-4ca4-a9b1-d0f2f11bd6b1,289
32567eb3-aeca-467f-8b89-a69b11fcb781,290
0d82f0cd-107a-403f-a726-ac7287cbea65,291
6b66dd3a-d88b-4732-bc13-359d8964b7f2,292
9f2524e1-cda1-4304-941e-ebb448d32a16,293
e2c3c508-f0ab-49af-92c9-a81d66d67405,294
88e2147d-0332-46f6-85b2-b5f463ba957b,295
c48d4327-8122-4286-af66-05e1ee6ac4d8,296
9072df14-b61e-42e2-b4f4-6bbb7fdb5586,297
13655113-cd16-4b43-9dca-cadbbf26ee05,298
013fa897-86db-41d3-8e9f-386c8a34f4e6,299
d339efbb-77b9-4147-ba9e-59f2f24550b2,300
60530915-9371-4b16-bc31-5c4456317ae0,301
f46bd570-5768-462e-b84c-c7c993bbf47e,302
7c7f9c94-dee8-4903-892b-6cf44652e2de,303
f1a95c6b-fb2a-41a6-bfcb-2453fee2a38c,304
ba03daa8-0a45-4432-881f-4de8e0e05305,305
a9100753-f539-43cf-bcc9-579566fb512e,306
0d8b0d50-e4cf-4da4-965d-f24c58ec3268,307
afe5e238-d248-4da4-87b7-e70dfab787f6,308
13df2a46-f72f-40e7-aa63-26fcf62c7048,309
8a0c3b86-af55-42d2-85b9-6372e7430986,310
c1d4f2ba-cf39-460c-9528-6b827d3417a1,311
82dc508a-dbda-4954-aedc-28895edfa42e,312
57f89cad-d2ef-48df-9119-8287b106716a,313
1d11e2a1-4531-4d61-a8c7-7b5c6a608fd2,314
444f2191-8841-440e-bbc1-6fd564893946,315
650e7db6-b795-4eb5-a702-5ea2fc46c848,316
bc68928b-fbb5-4aac-baae-52ba49202372,317
44f49e8d-125c-47d4-bab1-37a8a46c5eb9,318
8c90ad8c-9150-4c51-a1eb-342232e99d06,319
e8374874-4178-4869-b92e-fef6bf30dc04,320
5ffb1041-7236-45d4-8523-60faf95946c6,321
ad92dd9c-56ef-4443-b2c0-ff2f7d9cca49,322
f9c1cc73-36ba-4f8d-ba12-7d2490608886,323
601f8530-9009-4f73-94fb-a355b4497b70,324
cf0f4547-ffbd-4011-98ad-0bec9ba022db,325
3abc3eb1-7318-41d2-a52b-cbe14a14d8a0,326
3648db01-b29d-4ab9-835c-83f6a5068fe4,327
abe2669a-a612-4bf6-9193-bb4f4b8a9088,328
4449ccf6-c948-4d33-aa97-b6ad98ce4b5b,329
e5257dc5-1edd-4fca-b7e6-1158e00522c8,330
e0e1db18-f7ba-4dee-95ff-7ae8cf545460,331
7f5dde96-1573-4491-9673-f03fe7c5caaa,332
9e0e2b01-41db-4008-bd8b-988977d6019a,333
d41a6875-b626-4c0f-89a1-aecb643d29ff,334
fd1a2d9d-9bb6-44de-83a3-41560658aba9,335
479497d4-e7c2-4e78-972e-56e78fac3995,336
3e30aebd-0557-4cfd-8fb9-3945afa5d72b,337
763e1b10-0e76-4e4e-8ea6-b883171c7829,338
b972f589-fb0e-474e-b64a-803b0364fa75,339
d3fa206b-a8ff-4b53-a0e2-83aa19a40c66,340
f27ec8db-af05-4f36-916e-3d57f91ecf5e,341
774666d2-2064-4d6c-856c-f8cda0aaf9f0,342
bf0f7e29-dfe1-416c-b5c6-f9ebc19ea810,343
61604b45-8a91-4e33-a1b6-45d7b1fec4e5,344
ef6a8aab-9dfe-46ac-a225-67df4601ad69,345
b755836a-0cb6-4577-a678-55a5a6402d70,346
b9472588-93f3-4922-a1a2-74082cdf9ce8,347
8846e4ff-0c19-4af2-872b-7a8dc7497f68,348
05851234-4e8f-4cc8-b682-a55c23277d9c,349
76c9a186-75bd-436a-85c0-823e3efddb7f,350
ac2d1c91-3667-46aa-9fe7-170ca7fce9e2,351
f1b1cf71-bd35-4e99-8624-24a6e15f133a,352
854a1807-025b-42a8-ba8c-2a39717f1d25,353
d4ad0149-d8ae-4105-8009-0221fce9ff35,354
1582a5b8-538e-45e7-9ae4-4099439a0e79,355
3d970489-518b-4c05-9dee-26e182823649,356
e0ededb4-6085-4f68-90f7-89bc560930a3,357
429f9fbf-0a0b-4a9e-a88c-94d48aa466ed,358
3bcff06f-675a-451f-9075-99e8657047e8,359
b071f9fa-14b0-4217-8e97-eb41da73f598,360
ac53c83c-c969-477f-9564-769e1ed80519,361
68ec1b08-3c2e-40b3-b0af-8f323743fdff,362
7746d775-9550-4360-b8d5-c37bd448ce01,363
18e9bfd5-db23-4bc1-be0f-5710e5d656e4,364
db4624cf-0e44-481e-a9dc-2142b833ec2f,365
96fafb0a-2f1d-4b15-b2a0-9e0e660e7ecf,366
b1e23ada-a7eb-42d7-91ec-67a43bead43a,367
eb3f70ce-f226-428f-8d7f-046c8dbfd98f,368
bfaf9b70-d1fd-4d3e-b730-3e67e6f8f9bb,369
49c4378b-3c36-4c5a-8999-8d936e74f39b,370
46d18823-6a15-49ee-8376-c5f7a49530a6,371
fa3b825f-7c85-4377-b393-d28a2016e293,372
c5f9e699-7b0d-4030-86dd-7acc8250d147,373
5403bf6e-bc1d-4e62-b31f-926a2bf66a14,374
6cbe1e63-5895-4168-ac7e-f0d2836ba0c1,375
113e0972-077f-423b-9b5f-3cc8a5bafa0f,376
40842674-a794-4580-a0f5-e43d5b600729,377
5aeb21a3-4606-4a0d-8369-50c768d1e99a,378
8538e728-ca0b-4321-b7e5-cff6565dd4c0,379
164f0d73-1234-4e2c-8743-d77bf2191051,380
9f94e88e-cb13-48b2-8c3d-6ff1181aca80,381
e6358374-5eea-4205-be22-382ed6df493c,382
8c5755b4-2de6-4158-bca9-e354cbf07437,383
f3bf61f8-97d4-4e52-a73d-2ddbbe8196c8,384
8a3e1c4f-59a8-457a-826c-fe961419a8ae,385
3697647f-1839-479e-98a1-9ad39004d923,386
4d5447d7-c61c-4120-ba1b-d7f471d385b9,387
a466c2a2-6517-42fb-a160-1087c3bafd9f,388
5fc21e44-d663-495a-b16a-7cc641af5deb,389
2ba31cc4-df9e-4c21-9dbc-bb8fa9af424f,390
67f66c07-6e61-4026-ade5-7e782fad3a5d,391
d8354b38-e942-4c89-ba93-29323432abc3,392
c0a1179b-b14a-4d68-a3c1-1fdab16ed602,393
9efff43b-3b29-4082-824e-bc82f646f93d,394
2aaf7396-6ab8-40f3-9776-a41c42c8e26b,395
b5179744-f217-4455-9d8b-17b8d4fdeb93,396
6f607087-9c46-4bb2-a884-e4efc764554c,397
f0e820ab-f31a-400d-9c5e-8be1c8c38726,398
f3430779-bbec-437b-944d-1fbf45d2e786,399
b929c0c9-5de0-4d87-8eb9-365ad1725629,400
0741b30d-e15b-4a8c-b2e5-8834a03d6116,401
83e59f23-3b0b-4304-834d-5bcafd5df6d2,402
4c01333f-e8e8-43bd-9923-8de83ef6f63d,403
b88ca659-0393-4a62-abd8-f290e6c7a7e2,404
4a00ec9d-c635-463a-8cd4-eb61725f0c60,405
8f2422ab-0ec6-4c92-80c4-afe9622fab32,406
23228f18-01d5-493e-94ce-cfcde82a8db2,407
04591295-6d94-45cb-b6c7-1ae17c6f380e,408
16e1fb95-6d1c-45a3-aad8-d3bcd7e06aac,409
0f3515b0-75c9-46c9-b26c-4cd05d26eae7,410
d4a1404d-e00c-4bac-b3ba-e3557f6468d6,411
b3b5ceef-0d3e-4191-a621-5e97d6ed3d97,412
20e264d7-b4d5-4e49-8931-a9c67ff07f04,413
b45335d1-5219-4262-a44d-936aa36eeaed,414
337e30b6-3dbe-44f2-a3fd-84a80abdb5a1,415
680ba421-a0ec-4e68-96c2-5f092a11fe5b,416
e162b2eb-6a42-4240-8c1b-c94d9a0acb73,417
e31baede-2d5c-401d-aae6-4e7b8e4b2011,418
fb5ee67e-e31a-40cf-8b06-5f1a0f53529a,419
5c6f8874-cb53-4f4d-9168-cc2af8c7ecf9,420
74ba575f-3420-4d62-8e48-ac473d3c4282,421
ac70f34d-95fd-40ed-b436-f5402fb5ffb8,422
a992aada-7108-455d-9747-0b7b6a089e8d,423
401c3991-b76b-499d-8082-9f2df958ef78,424
82b304c0-7da4-45d3-896a-0767c7ae1141,425
d945b088-0eb1-49e6-a232-dee95392ed35,426
c0eee88b-47f2-4cd2-ac48-a045e902a432,427
32a92586-6f9f-4882-b168-97fd60a99b6d,428
a8754ac4-a85e-4f48-a81f-eecd482570ef,429
83b9cbe7-9857-49e2-ab8e-b57b01038103,430
2f569e60-0a1b-4fb9-95a4-3dc1525d1aad,431
8eae1e0a-1696-4532-9e3c-0a072217ef4c,432
928303db-cf05-4b19-b11c-d3e5cec36915,433
c787a7a5-e143-4ba6-86df-fab2354dcd44,434
f5aca88c-e3c1-4bc2-af33-68a9a9f7b56a,435
4b1a830b-0a1f-42e5-b8d5-1d6743912e99,436
802f09ca-3f3f-4fc1-a5fc-0e8bebc15f62,437
65041e06-83d2-4987-ae52-c17a915fc82a,438
b7ec4c54-1f93-4bf2-957f-7b9921ab84ea,439
10a9ff92-9637-4498-afea-7044b2ab0dc0,440
d7134426-a937-43bf-bc54-f10ad8102ed9,441
304cdd9d-a04e-4eb2-865c-980a553a0efd,442
af8fd97c-db72-4e30-b2aa-30ebd0c4f1a0,443
67d2cb7a-9ddb-4a7f-82bf-5a2d1a038e98,444
62dc94cc-f611-4345-87cb-b914796a4a45,445
77cceea7-91bb-4a4c-ae41-bc9c46c1ccb5,446
71bd1152-5ee2-4919-80d7-d269dfd48a55,447
dfa715ac-b536-44df-af43-570d3ea3edec,448
c55193fb-f5d2-4839-a263-4c044fca1456,449
44cf61b8-5197-448a-b82b-cef6ee89fac5,450
1339fab0-3ad8-4b8e-afac-7b7ae34509c7,451
2b64e811-cbcd-45f7-b29d-296444cad4f1,452
85226286-349a-4046-8dcf-f75b32baa6b1,453
6d072aa8-c851-49c5-92f9-cbca05f4bed9,454
f0c8f75f-8736-4b1d-b312-9349fcff321d,455
86e2e2ad-6d1b-44fd-9463-b6683718a1cc,456
c7356af9-9ea6-4a78-a55b-c73775716312,457
09885b8e-f235-4b80-a02a-055539493173,458
e024a3ca-c78e-459a-9a98-8029f49b5a5f,459
61ed9c9c-79eb-4e8f-8015-bd599ac0ab49,460
d3b2bec4-b70e-460e-b433-a865ceac2de8,461
759b5ff1-91fe-4ec9-b9b7-75b7b2ceb283,462
4e210d41-b3e3-4e34-8c3b-3b8cc2116562,463
cfb1c147-1046-4921-9c53-d3a226ebdb0b,464
3f575ecd-627d-4f08-a89f-abd46d469c7e,465
c3da3346-2643-48a7-93cd-011f6834b3d7,466
b1570544-93ab-4b2b-8398-131735394202,467
daa09819-5da5-4c7a-8bef-eb372bb27ff1,468
ef58d4c9-0d40-42ba-bfab-9186c1483edd,469
eeb1195b-f213-4ce1-b28c-8565211f8e43,470
54799c0e-eb45-4eea-996d-c4d71a63c499,471
ccfe7a3c-1a45-4984-a8d0-644549cefe61,472
ff44857a-5f7b-45e5-b1c3-aa76f98ce6b4,473
8dacf242-9bf7-44f5-b2eb-18305b904551,474
3997d4a6-c2bd-4191-8406-eb07f0abb5d2,475
7bd92ac9-6b2e-4e88-812a-60499ec60a9d,476
c428180a-2871-4788-9815-e09f7390c6ec,477
3fb49f5a-fdc0-4789-9c84-22b38b3f3cb5,478
ba550d0e-adac-4864-b88b-407cab5e76af,479
99524243-dc2e-4bf3-82c0-72395391d21f,480
ed29398b-bbf3-42a0-8eff-8631509c271d,481
a5ee1ebe-a645-45d2-8319-d101fe62e581,482
7717539b-33aa-45d5-b88d-9e627172db19,483
f7df5df4-4dfa-459d-972b-1ba051c15ddc,484
2f360fd9-6440-4896-9f45-8156e8b0b204,485
69689acf-d9cd-4d20-a972-47db4ed51b1a,486
5b32946a-4c08-4a75-b1b1-60700470671f,487
22a1f4d7-81ff-4216-ac06-3387da6bc118,488
4e0dffde-ad2d-45b7-9c75-d57ce55de061,489
cc197bad-dc9c-440d-a5b5-d52ba2e14234,490
835a6d9c-fea0-4a71-ae52-9c4da946433a,491
d43d12a1-2dc9-4257-a2fd-0a3bb1081b86,492
9c306413-56b6-4ff6-982a-7e4b87d01340,493
94219793-a46b-4c39-9397-e05ad633f32d,494
f1548c5b-329e-4036-921c-02213a04b525,495
896f0194-8ab2-4278-81e0-c56a0444b569,496
509f20b2-5df3-4aec-9bbc-002131fb3f99,497
b0fe8ef0-d59b-4d41-afee-2d21b59112ab,498
fa97dd36-1b82-43d7-a6e4-2adeafd59cef,499
3604c99d-c146-4276-aa0c-9376d333aeb8,500
fa34b363-79df-434f-a5b8-be4e6898543f,501
1946a82a-f927-40c2-8235-38d64f50d043,502
83998f9c-846b-4294-aede-d7735531c901,503
5275425d-3cdb-4a9a-b9eb-3e246ec69881,504
8b477559-946e-4ef2-9fe1-446cff8fdd79,505
24e36781-1f4a-40af-bd18-c5de61f10c66,506
2eada8f8-056a-4093-bbc2-004909ce743b,507
88679ca2-2080-4cea-8669-41ab4b8d865d,508
348f3a5f-5112-4d72-b33b-11c60b4f9af2,509
13f972c7-7b08-4071-9d12-cca87059c4cd,510
7756e3dc-f44c-4678-a7bc-d1b31204a963,511
321531fc-db73-4ffa-a959-61a61a2908c1,512
8876c0be-ccff-4d46-aa91-7f935a3b3b6b,513
d2b83114-af3e-4397-b570-10d81f1dd650,514
eb872766-98f6-453d-883f-2ae908a18315,515
49c43c49-328d-4b14-8a1d-be99cafaec14,516
f86f1f07-d182-45ce-ae93-ef610880ca72,517
a0b8cb9e-7532-45fe-a74c-30e7c4009a39,518
61b99cc4-06cd-4ad5-9bac-950b2daef9cc,519
231475d8-fddb-4d7d-aad9-287e59e4b4ba,520
3ac2a4a2-52b3-498b-bbc8-31443c68dfe0,521
a796b92e-c137-4895-9c89-10f900617a4f,522
2aab61bc-67f4-4722-8c6e-e1821b2e32a6,523
7b0a63b2-b8e8-490e-b724-1d30cb5edfe3,524
9ddce51c-2b75-4b3e-ac8c-1db09e7c89c6,525
02ceff75-7363-493e-a78d-912dc86c7460,526
a530492f-8806-4bd7-9c14-80c237eb92fe,527
c622e2eb-dd68-44d7-b01e-bde489c16713,528
42edf21b-2dda-4382-aa6b-49b6483bcf73,529
04af2581-6692-4f14-a7fe-151a36f20368,530
39822e8d-f24e-4f07-b51b-28b22e59fbdb,531
40b7efb7-1268-4a80-b354-600afdcbe9e2,532
abdad1b2-f4c6-4d13-a67a-f8e4219f83d8,533
b5fb0f1a-2cd4-4759-9d80-648643f70c43,534
ff6e677f-91dd-4986-a174-8db0474b1799,535
ad0ecd8b-805e-406e-82cb-5b00c3a3a29e,536
1079b087-a5b3-4a07-abbc-88043ceda334,537
e1d521ea-5b97-4981-987c-ba988b2a87d7,538
42c14c80-bd17-47e4-9bb2-a35897638c4d,539
4d7928cd-7ed2-4282-8c29-c0c9f966f1bd,540
e8993e9d-9313-4447-ad23-791459a3790d,541
ebee61b4-bbdd-4087-9bcb-d5aa099088ec,542
481bf5f9-2e7c-4c44-b08a-05b32bc7c00d,543
1fb60b6c-0f4d-42b4-8a5e-de705ec76660,544
3b39abeb-0064-4eed-9ddd-ee47a45c54cb,545
e3c8b0c8-3fa0-464b-b1f5-119cb52d3817,546
7fbfcd25-9ce2-4ef4-9270-e971ea61fb4a,547
2944824d-4c26-476f-a981-be849081942f,548
f96de591-5dae-41da-855b-eb387d88d7d4,549
435c1b0e-e85d-49bb-bb68-f3fe4f7efaa8,550
58a53082-a629-4ff1-a44d-7492d6f6e8fb,551
90b18d97-718b-4a95-982d-b14019d084c0,552
b896aa8c-2761-40ce-b485-0e1fffd26167,553
6849ebec-b385-4b41-b5a1-125f91e46119,554
6a0439a1-4520-443b-9bf1-02acdf692d6e,555
188711ed-c99b-439c-844a-ca831f63a727,556
d98c8149-0c01-4151-93e1-48fdc3d5027f,557
a7dbf74d-8bae-4c2a-9987-508a125add76,558
12327d75-47d5-45d9-84c2-3760b9210c17,559
2c3bac0a-5158-442f-b50b-056aae52138c,560
233fc3f3-6de2-465c-985e-e721dbabbace,561
c3cceeed-3332-4cf0-8c4c-bbde425147b6,562
4ea2fd64-834c-4d78-8f4c-2a900c439031,563
a55c2f1b-3f3f-4d6a-aa30-5e186dbadce6,564
af37c51c-0790-4a29-b995-456f98a6b8c9,565
7b885d42-3c41-4f43-9944-a5855ec5155e,566
8a0e10a9-80c7-40e0-bf5b-89f1d57f9537,567
bf2e15d0-4b77-469e-bfb4-f8414415baca,568
72ae6caf-4f9f-407e-8c70-8cd195df955c,569
1ad39ddd-b4fd-49b7-8137-d5569c0eb2e5,570
cb2972b9-29d1-4d47-b5a8-51e1035a6003,571
3caf69c1-fdd8-44bc-b0a5-8af3ad8a47cd,572
bc883961-64d4-46b3-8b1c-64009854291c,573
3c0eb318-d2ba-45aa-9077-b83746cc56da,574
b18bc9c4-6f22-4f1b-a918-e9c86a39fe7a,575
54a55229-e611-439f-928e-d89919ff9d29,576
5a8e07d5-d932-4484-a7f7-e700793a9c94,577
97fa7dd1-4706-4fad-b6ff-e099a37837fc,578
9bd1e632-b17b-4842-b520-ddfce3b538b9,579
5c71ea68-9238-4dfc-8519-bd6eff6bc28b,580
2a5a3b60-d468-4b62-a28f-9c410ad3f71d,581
4b2d6a23-034d-4a29-9bb9-d2462796da4e,582
09ff1fe8-d61c-4b98-bb82-18487c74d7b7,583
883ece23-2779-4091-b527-62eb07ee79d4,584
ef0344c6-e24d-4fd3-be7e-c4eb9f62be2d,585
69421e11-e4c3-4854-951b-ceab4972e38e,586
dc21d171-7204-4759-9fd0-77d031aeb40c,587
21e3292e-dac8-4609-b57d-402f926aa41f,588
cca49e52-1f1e-4c16-9e40-fedebcea065e,589
fa7b9055-3703-473a-8a09-adf2fe031a24,590
b7ffd2af-418f-4be2-bdd1-22f8b48613da,591
77f049ad-f469-4ad1-8283-7a2606a6722e,592
32f2d6bd-c22b-42cf-a7bc-0c4b48cd2bcb,593
1870fb43-50f1-4660-a879-bb596d1519b6,594
abb91078-f7db-41f2-8f07-7f37bb739143,595
4aae17a7-9f0c-487b-b60e-f8eafb410b1d,596
650bf385-6f6d-4992-a3b9-779d144920a4,597
c3480e79-a8d9-44f5-8c93-9f7b490df99f,598
5579a23d-c411-4930-987d-ff89d77c1c12,599
17be38e7-97bf-4ead-8432-ba05455b3860,600
3af06bc4-68ad-4cae-bb7a-7eeeb45e411f,601
bdb8e865-98f6-4dd3-a8ac-74b9b7ae8abd,602
df074f34-26fc-45fa-adf3-d19836dde2ec,603
056e4f3e-d505-4dad-8ec1-d04f521cbb56,604
667e856e-f3a7-42e9-8244-95422ef31321,605
9a58fda3-f4ed-4080-a3a5-f457aac9fcdd,606
9311e2bc-bb3f-44cf-90d8-b1fe6912b60b,607
463c514e-c30d-4a2a-a87b-762535253a80,608
3a528006-1429-47f4-ae9b-2ea95343e16a,609
47347cb8-ac34-4916-84b6-d85d4e5e5384,610
9a22fc7b-ad7f-4c70-9e0f-4d40cd7562cd,611
97b1142f-c71e-4971-8736-4a8ceaf6b4c3,612
e69c8ccb-25b1-4c4a-89c6-8fdad1172951,613
191de76f-a224-445d-b041-54df16d65bf7,614
d2ad8774-9173-4970-8427-06b04df201c1,615
b10806de-2198-4313-af6a-13df4acb912f,616
3cb3928a-526c-4a3d-93c5-53315fa9bde0,617
6efa29c6-9995-48e0-9eaf-3809464a39a7,618
07b6020a-c539-4d68-aeef-f159f3befc76,619
b2a9731b-9e13-4ff9-af21-5e694a5663e8,620
35a6a353-b186-4c13-a264-d18d5e2ce853,621
ce58d854-7430-4231-aa44-97f0144b3372,622
5c47ccd3-3f82-46b9-96b8-efdffc83f269,623
4a5c8526-f8ec-43f1-97af-49722ad88394,624
aa266ac7-d919-4132-982e-76cbd95591a7,625
73e5e69d-3554-40d8-8516-00cb38737a1c,626
d2db1078-c170-4e22-b261-14f3ad60a690,627
8c538f11-c141-4588-8ecb-931083524186,628
5c210861-2ce2-4be3-9307-bbcfc361cc01,629
150e799b-3244-45d9-a6cb-5a3e8c33d430,630
d13f0f47-36f9-4661-87fe-2de56f45c649,631
e3cb4543-210f-499a-b0d1-3882c312dfb9,632
c4caa34e-57b5-432b-ad9d-7e6543944d96,633
5533fa1c-4102-4ae7-92ae-78dddb17fe7f,634
62cfcc64-a7d2-4ec2-ab4b-2a6b62e53940,635
c1f8e226-75ea-4fe6-83ce-59c122bcbca4,636
89abed31-3a93-407e-a4a3-a94e193488cd,637
2339bc21-aa92-4850-86f0-4bb9433910c8,638
f59163ba-1a7a-4349-b0fd-fb9582ebe333,639
a66999a7-ae5c-460e-ba94-1a01143ae847,640
55704c38-224f-4b75-b29f-d43653f8bc9a,641
a96d82a0-cdca-40bf-b4c8-3d7ec178d85b,642
8522b9b6-b295-48d7-9a10-8618fb80beb8,643
8c9b336e-acc8-4e20-9195-6ed0634da9fc,644
f4857fb9-e255-4dc6-bd01-e4ca7cc68544,645
f93dbc64-6f08-4033-bcc7-8a0bb4689849,646
f3580347-b84a-47d8-b86e-cad642322a47,647
944e1036-8a03-4611-8aa0-31515a05c848,648
de0222a6-e1c4-403d-8b01-3f66d505061b,649
8925a01a-8608-411d-a90b-f3a52d061208,650
bb3cbea2-5ad4-4917-bc84-8a1975d40315,651
eb2432e6-8d97-41b0-beba-b36e77ddc5b8,652
4dcffc18-b573-4850-833c-d08e2b7e93b3,653
cf66ee44-360b-445e-bfb8-e20e69325742,654
f7eb3be3-1065-4a53-94d4-e2d0c15c0b33,655
21d177ba-3d51-461e-9b3f-ad9a80b419dc,656
69837400-8e31-4949-aac2-00b46b4df126,657
ba2f4f3b-0293-4bc8-bb94-2f73b5207343,658
655b3e5b-09e4-45dd-941c-6fa3fc12521b,659
64d62f45-e001-40a1-a055-c3545fcc14de,660
ffb390b8-8df4-4b72-97d1-7b2fc008a452,661
b1fb6a18-1626-4011-80fb-eaf83dfebcb6,662
35f92c4a-69d0-4ed1-ab9e-05259db89d14,663
8e68819d-71be-4e7d-b41d-f1df81b01d3f,664
e979c1bc-5cc2-497b-801f-823244a9166d,665
c507bf8f-2ac0-47e5-b7c6-4afd61a977e2,666
05106775-5d45-4131-aecc-1177f813ba11,667
8bfac288-ccc5-448d-9573-c33ea2aa5c30,668
49cd96a6-42c3-44f6-ba2a-cd9301046b96,669
f1560407-8826-4ec9-b78f-e0c3fa3ea4f5,670
f033e544-8cad-4bee-abdd-619f8489e409,671
dc0d05ce-2f47-4962-b4fa-8631a0a51987,672
87fc1871-b74e-4bf5-a00d-8a89c288008b,673
cb67438a-7f50-4f2b-a6f1-2bb2729fd538,674
78f797e3-4913-4026-aad0-1cd858bd735b,675
256160e8-37fd-4f8c-a3ef-530ebbaa4b3d,676
ada7a83c-e3e1-40f1-93f9-3e73dbc9298a,677
6a0f0a74-8689-4bf6-aa8e-6a954ac5f0cb,678
4ed35152-5207-4101-8904-6cb5d159b545,679
e3434cc7-d348-491a-9dc8-325af3d9086d,680
7cec4a03-0a83-4308-856a-afb8aa5db0fc,681
ed785ff1-8b1b-4bc0-8a24-dcc831013059,682
bc27c60a-a967-41c9-9633-c682ca0d77d5,683
d5b637f0-74b8-4df6-bddf-dc3784a6881a,684
47685be0-926f-4be9-b1ae-e32da47a3b99,685
3e8bd859-7d82-49e0-b267-84fc46e2bf68,686
faabb55d-3c9e-4c23-8779-732ac2ee2c0d,687
cfe85625-10af-46c1-99fb-765ed3a4f1ad,688
779353f3-6401-4cda-a8a2-6fd3ec9bc11b,689
a1419808-65d3-4d40-998c-1a0bac65eabc,690
410c9baf-5469-44f6-9852-826524b80c61,691
1239d1bc-cc09-43e0-bcd0-374f60346138,692
5dd0da33-5161-4378-8fca-aecf5840097e,693
d7bd0fad-2f06-4936-89ad-60c5b6ada3c1,694
197450cd-0124-4164-b723-3c22dd16494d,695
5441c29d-3602-4898-b1a1-b77fa23b8e50,696
733e7372-5400-4c79-9059-33e2b2262d01,697
24d2505b-388c-46cc-8a64-48223ea6d78d,698
8930ec4e-51c7-4905-ac40-684459878085,699
22a096ef-c70d-4d70-ae19-4fc2412d4986,700
2f9ecbed-27be-40e6-abca-6de49d50299e,701
78661da3-894c-4947-a34b-fb7edf585d9b,702
cbfb9bcd-c5a0-4d7c-865f-2c641c171e1c,703
734f6784-413d-4779-a81b-1a10f5e2a1a3,704
6648391e-7890-4f6c-b939-976f215195d3,705
ac865b2e-bba8-4f5a-8756-dd40d5e39f46,706
b07016ee-5de9-4419-8205-0490d95dc638,707
de030dcd-36e3-425e-9201-0d5be10769f1,708
4efa55ba-93cf-497f-baf3-2ca9da7e193e,709
6c8b9855-ba8b-48f9-ac1d-42167f7f7b18,710
6d7b7cd4-254b-4c25-83f6-dd20f98ceacd,711
afdb7919-059d-43c1-b668-ba1d265e7e42,712
d2e123d0-c53e-4444-a52a-efeff44953c7,713
16aae9fa-d8f7-4e2c-a907-44aee1ad67fc,714
3d05eb8b-1644-4143-9a61-b28e33c4d85f,715
f4d4b515-0b74-423f-a161-db184330c37c,716
a3212186-5da5-4e84-a935-6952b3e14921,717
7adaabfb-acfb-47bc-8c7c-59471c2f0db8,718
c73d651d-87c9-4c5e-8abb-4ec9c4077241,719
e57f0cac-4f56-473c-8d7e-d93f753fd586,720
a9044915-8be3-4c7e-b11f-9e2d2ea0a91e,721
16a43d5e-c52d-4eaa-9c3b-00b2c1d8e816,722
ccda046a-2674-4f7d-97e6-f23d6c156432,723
a81259a0-a2f5-464b-866e-71220f2739f1,724
c3161cf7-cab1-4409-9b1f-876561dd7716,725
b1168a9c-a946-4a5c-a005-62fc632dfa0c,726
29f6333a-b4c8-4416-8fdf-598bcef1122a,727
e13d2935-8c42-4c0a-96d7-654062acf106,728
a7a1d1ff-1aa7-4a91-a066-cf48976bf92e,729
494e8d09-f85b-4543-892f-a5096aed1cd4,730
bb1f91d2-1b54-4ee5-b55a-626492a5904f,731
7bbfd77c-1102-4831-9ba8-246fb67460b3,732
a5f92d47-b562-4582-b267-71963a515f4c,733
ba147ea0-60c4-4a40-9da6-0d5c2b2e7b03,734
a4f54716-24d9-4c6b-8ba7-1d7e7a5173d0,735
1fc494a1-9109-4081-a455-2d05bea9d2bf,736
efc8a006-d0c6-4a9b-8cb1-91ca770fa2b9,737
c5f5dc27-3059-49c0-ae45-5009a01bb9ec,738
1c3919b2-43ca-4a4a-935d-9d50135ec0ef,739
4bdcee62-4902-4773-8cd1-e252e2e31225,740
a74b1b7f-71a5-4011-9441-d0b5e4122711,741
f5426431-f490-4678-ad44-a75c71097bb4,742
1c3e52cd-c0c5-4220-85d9-ebdb6a26d056,743
c79c43d4-cbed-4373-89ce-6560f62eb7d8,744
93560313-3950-43b9-ac4f-7ea3b4e79e60,745
93ccd76c-3790-4435-a8bf-02bc26294b93,746
a506f761-2c22-4b2f-8a94-bd748c2c8f75,747
2f522f5c-111c-4ce8-8bd0-d82e97c227ad,748
811900b2-68fc-4d41-8bad-69b7a1f4d628,749
2de794c8-8826-48d0-90e0-6900183ba9e0,750
7509421d-1074-442f-be8f-b526167afcb3,751
c30ebe30-514f-4e6d-823a-19adf0225a56,752
1c70a3fc-fa3c-4be1-8b55-c3192db8a884,753
13501c7d-d181-45ba-af52-5f101d8516a0,754
550cb78b-4995-4873-baea-76ef265531f5,755
8ebd161e-f45e-41b9-8019-fcbd094c327f,756
6290b769-173d-49d1-990e-660a4e333877,757
ed114045-8462-4b49-89ae-527fa2544a2b,758
854b0687-f9fc-4109-b59f-dbe84ebc5de6,759
f22942a1-6f70-4f48-866e-238cb2308fbd,760
a8ebde98-7e91-46c7-992c-90039ba42017,761
2a90aa9c-d2ff-49fd-a8e5-2463f657eb45,762
9047fd95-770f-4a8a-a6e3-3b071a882e4d,763
b625448e-bf4a-41c3-a421-72ad46cdb831,764
c1a61bb0-e4fe-4064-bc8d-954a2dafda79,765
0cee95e3-a61d-4cd1-a39c-75464a05b606,766
e21857d5-3256-4547-afb3-4b6ded592596,767
c5a0a216-c33c-42dc-92b8-4b60236f8dad,768
e132d370-2a59-4437-8610-756df28a5a02,769
980ee2d8-2ee9-407b-b48e-48360fbc7437,770
cf119120-7df5-47d7-9dec-49f8837a4e40,771
0383dadf-2a4e-4d10-a46a-e9e041da8eb3,772
ad386705-fb8c-40ec-94d7-e690e079e979,773
2ff63f00-0954-4b14-9007-e19b822fc8b2,774
c2c70ed6-5f10-445c-969f-2c16bc9a4c2e,775
c0252a1b-0133-46bb-8c4f-cade46349ec3,776
04cd0cfd-bfd1-4c36-bc38-95c35e2c045f,777
2c1828a2-e46b-4ade-a6e9-065ca265d679,778
1dce970e-34bc-48b2-ab51-48d87544a4c2,779
fa7ed4fb-fa39-4820-8ae1-5fe98bc2ef8d,780
aab5c954-cabe-432e-899e-1c4f99757327,781
d6ed7887-a401-47a8-893c-34b967444d26,782
1b3e92d4-1c68-412d-a92d-1172f24f7de3,783
cc0b7089-c08d-4c10-b6b0-873582c17fd6,784
89e39f67-65cc-4f90-b145-b1b56c209f8a,785
a043cfa6-6e87-4975-ac27-5005bdfa7afb,786
be50643c-0377-4968-b48c-47e06b2e2a3b,787
6caf09f5-2f01-4f76-bcc7-6207930c56c6,788
bd1180c4-4252-461f-94dc-543906c02522,789
c6b0db5a-d750-4ed8-9caa-ddcfb75dcb0a,790
28503ab7-8bf2-4666-a7bd-2644bfc7cb1d,791
906bddec-bc73-49f8-ac1e-eaee691c6cf9,792
171cbc8f-8ab3-4aec-9916-f0bdbe26bb79,793
b09b5127-c62e-4bb2-b790-1e4aa18749ed,794
95f5b748-d370-47fe-85bd-0af2dc450bc0,795
0cc9e56e-a623-47ea-b5f2-1a1757cc2426,796
0189c612-39a5-485d-8fc2-eca025b73861,797
05010b18-ba21-46dc-be6d-615d90170b8e,798
82b1f5fd-cd31-41a9-b5d4-7e33f0eb9751,799
516cef4d-0718-4007-9939-f9b38af3f784,800
5de80871-f721-4c7c-b0c5-4ad0d350c232,801
319b1175-ced9-438f-986b-9239c3edd92d,802
f1df0431-9250-4ec8-95d8-f19ce7cf7fb6,803
977b779f-72fa-4117-995b-97af75d9c73f,804
8f7bf43e-2a13-431a-a274-19e28965fe07,805
c3aeb863-7b26-4388-94e8-5a240f2be21b,806
979d01bc-a4da-4c80-8cc1-be40bd35cd5e,807
5700dcd4-c139-4f31-aa3e-6382b9af9032,808
5f6ab597-f57a-40da-be9e-adad48708203,809
24e1b53c-3085-4581-8472-0b0088d2508c,810
e204ed91-3684-4561-b29b-d0b53f8459a7,811
07e748f1-075e-428d-85dc-ce3be434e906,812
183105b5-3e68-4748-9086-2c1c11bf7a3d,813
f1d1df24-91af-4d27-83a4-9b4ad29b37eb,814
31810c40-932a-4f2d-8cfd-17849844e2a6,815
a1c29c2f-778f-4b02-9ac7-80f0c37cdea9,816
31aa8446-3dbf-4d22-9504-0f1bd58bf785,817
7e26cbe1-b8f5-4215-af82-e43d5f8ff308,818
bf48d271-9595-4043-9064-52f43707d4ab,819
20953548-6d06-4428-99a9-c284bfaa5514,820
7944ed53-2a58-4035-9b93-140a71e41c34,821
ba561cc7-2050-47d3-8bc2-c645a1393d90,822
1f43d76f-8edf-44f6-aaf1-b65f05ad9402,823
07cc14fb-4784-4a25-804b-2686ed5ef52c,824
067102ea-9519-4622-9077-57ca4164cfbb,825
d8df7087-06d5-4545-9024-831bb8558ad1,826
074e3847-f67f-49f9-81f1-8c8cea147e8e,827
59d34d63-e209-4f26-8a09-b08d12202082,828
4de30660-26a8-4390-af6f-8fc0564e7e61,829
d347406f-839d-4423-9a28-188939282afa,830
9fdd9163-9824-413e-91ad-d01e561b4078,831
75ebdfa0-4a8a-496a-a57f-e4bb93b14d4c,832
8ed2e0b3-aa4c-4e13-bec3-dc7393ed4d6b,833
bf600e2b-dc2d-4839-a1be-6ebef4087cd0,834
24786816-025f-49f4-9787-4945a3311f96,835
86b24e8f-a4d9-4c84-83ee-fde0d14ad9fa,836
f6580b26-77f7-4a7b-8513-6db0476e8f21,837
0039c7ae-e1a7-4a7d-9b49-0cbc716821a6,838
6b22de04-fb48-44aa-bd02-c1427f635477,839
852fb986-b0d9-4529-adaf-4f38bc1b1040,840
2d576cfe-7669-4af0-a66a-86c8362f47c5,841
9011971a-df29-4b57-8889-2e5e9a645cbe,842
fa0daf56-e94c-4007-9a00-4d1b05d85f96,843
7389b838-9bd1-46d3-b514-95e0df255a52,844
48772747-4cda-4ba8-b470-cfd5a32e05f7,845
d59c4cda-11d9-48db-8bfe-b557ee602aed,846
54d76201-3b30-4722-978f-2abdd62e88dd,847
e919b253-da5b-4aae-a444-6a368376a2d6,848
fccef2c8-22a7-419e-bd6b-c40fc8f46068,849
14a4bc78-1c2d-4ca7-8d1b-9b58076a2a17,850
b665b768-0d83-4363-950c-31ed39317c15,851
73d882c7-1146-4012-a61b-a3b2c11fce2f,852
fdf9fd10-8a2a-4cb4-bed0-3c476c976ce0,853
e4c226f2-ba57-483f-be6b-3391112244b8,854
29eb4497-0bd8-4126-abdf-d8007326ee8b,855
e3e0abcd-7671-4482-a9d8-462f5acc9be5,856
b44eab39-900f-446f-af67-0512a88e54ec,857
109958eb-a335-4c5e-907e-597ff4c6af46,858
debabff3-2559-46e5-862d-ef2a906d7010,859
d08b66b4-8950-439f-bd8e-2dd78dbd7a5f,860
4ca783b7-5bf7-4348-b494-46680660050f,861
a9126556-f555-4920-9617-6e013f8228a7,862
889b69e3-7b18-4889-b953-9f2931597204,863
8830afec-83b3-4213-aad0-f6377f1d73ac,864
20b9add0-f004-4720-8f46-585525203a8b,865
9a593aff-62c9-40bd-9631-1697798adb63,866
d9c90718-d54d-4ccf-a92e-37a5415ce299,867
3e55d51d-687f-4a9d-af96-2fabccf802e5,868
92a42e82-b36f-4308-82c1-68bad2e03c89,869
b004d3c7-5402-4034-be67-13eeccc7b1af,870
e54e065f-0ce6-4779-9a9a-afd7b997471f,871
2449300a-6ca7-45da-8102-22789d256475,872
fad8967c-a327-4af5-a64a-d4de66ece652,873
50549203-9602-451c-b49f-ff031ba8635c,874
0efe858c-89e5-4e47-906a-356fa953fd6e,875
4dbf5678-7a31-406a-abbe-232f8ac2cd63,876
40a5a225-3279-4d48-bca2-6059ed11b4fc,877
7928481f-848e-4551-b658-472c0aaf0c85,878
92e634a7-6023-4be8-be15-ebba822f5b34,879
190e78ac-8f44-4bf1-a4ff-95ed9376ad9e,880
bdacc37b-8633-4bf8-9dd5-4662ee651aec,881
985c709c-7771-4de3-9024-7bda29ebe3f9,882
83d8a06a-4145-444a-b4ae-49e1e986206f,883
5a797e16-f69a-4957-820f-1152ec19d236,884
d5a7104a-aad6-4827-8ef5-680041ae80a8,885
d87e52c5-bb8d-4da8-b941-9f4928627dc8,886
437a0e49-c6ae-42f6-a6c1-84f25ed366bc,887
fbb375f9-48bb-4635-824e-4120273b3ba7,888
d8915e13-d67a-4aa0-9c0b-1f126af951af,889
3f5be744-e867-42fb-8913-5fd69e4099b5,890
d530dbf9-69b1-404f-98f2-0431104f5a1e,891
86e736b4-93e2-40ff-9e1c-fb7c63fef5f6,892
adc68a50-38ee-456d-927e-715cbf74c0d5,893
fc61dd75-880b-44ba-9ba9-c7b643d33413,894
8a338e06-d182-46f2-bd16-30a09bc840ba,895
03172286-f7ed-4864-a4db-459cd5ca9790,896
b267ca80-034e-4dc1-9ed4-ec45f1fed41d,897
214d84a5-e9e5-4432-af95-8c84da7ba4c0,898
959cf5bf-ee29-4af6-a85a-0b480181d988,899
4e024037-14b7-4aea-99ad-c6ace63b9620,900
c1e98e4a-4628-4c89-a7a6-0e0171600b05,901
6aa40207-fec8-43a7-991d-b872a42def05,902
9689aa5a-4471-4fb4-9721-07cecda0fa9f,903
ebd2ac91-6249-4e4b-bde1-353a424138c9,904
e105c272-b5d7-4135-82ef-d60bded54345,905
9c1ff574-2ae4-4fea-881f-83293d0d5881,906
db612997-f11e-424d-8b41-cf410a433656,907
fa927f59-d443-418a-b741-e557208aaf09,908
14962b84-c46a-490b-b6a0-ee69c78b2291,909
9e53f84d-ef44-4c16-9677-5fd4d78cbd7d,910
da785f6e-86e2-4efa-aca6-6c3cbd15d91c,911
38c5cdab-5d6d-43d1-85b0-dac41bde186e,912
9bf79f68-c064-44a1-8c2c-5764f1d7c016,913
0688add2-c282-4ee2-ba61-223ffdb3c201,914
bc1c8f3f-6f36-4086-a470-87ed813dd429,915
8d3ee4ba-be21-470c-bb7c-4c124c3eb989,916
0a41f86c-ced1-44e0-95a2-5c8b2368ab1d,917
31095622-5a1e-4f22-8ad1-b08eb6255f37,918
31bea673-d23a-4889-8da1-7cb040863268,919
10b7cfe3-a99b-49b3-91ed-b0efb7b32371,920
90cc2464-234e-4da0-b39b-576f36e633bc,921
42884e27-dfb8-453d-990f-2ffd90bc2d1a,922
0f8bd5a7-c915-4e00-a035-fe3969e9a9b1,923
7364dea6-ca9a-48e3-be01-b44ad0d19897,924
d24c555c-318d-4fa3-bcf9-a250475cf0af,925
2996c6a2-215d-4f78-aed6-81a130b04816,926
012e3432-71d3-4317-9ce5-b60cb6cdc38f,927
ae1b47d5-5128-431c-9d30-e08fd90e0767,928
18c2200e-0acf-4ef9-95c9-ff797a23214b,929
c707b37e-cb5c-4694-be4d-46beefcb2475,930
66c662b6-6e2f-4930-8610-912e24c63ed1,931
41f4d85a-0bd7-4602-a3e3-8c47f36efb0a,932
e4d05411-9a3d-452e-8b0e-a55b86b7cf85,933
e9c97fdb-9fa0-4955-9a6c-1c43e1ac3f64,934
f3d8c154-208d-4efa-b52d-7e9f16adcdae,935
0f50beab-d77d-4f0f-ac26-0b87d3e9b11b,936
c6122fee-089f-41c4-a34f-e5f7e5607b05,937
9d4c4835-c71a-4647-a4fc-263e26832cd0,938
8d5291bc-e960-428a-9004-b5ab9c171dd2,939
503877b0-4e1b-452b-851c-5e3f478d3714,940
ad61e25e-5516-41e1-b60d-744e8220986e,941
d624df22-b03d-4746-ac28-a4bd72aeec26,942
4a60824c-be84-44c5-8632-c0c2b2ff145f,943
7bf1f441-ccf1-4258-9797-07c8d16eb44c,944
3a54bffa-2314-44a2-927b-60144119c780,945
f07dbc2f-317b-470f-bad4-5f1b0eb6faf1,946
ac15222f-fb8a-4d2b-b4da-bde1c19f0a9f,947
329f95db-f02e-40bf-a5f7-0dea11529ce3,948
d5cc67b8-1cc4-453b-96e8-44487acdebea,949
7f2a8098-50e3-451c-8696-c5d9f64f4762,950
078a9376-3c04-4280-b7d7-b20e158f345d,951
fabb37f8-eb2a-4cc1-a72a-b56935bbb72d,952
fd1baeb3-0ee9-4838-b4c7-615c78d68d10,953
c163f6f1-84c0-48fa-81c5-8129739b6c3c,954
1f9df192-a621-4f54-8850-2c5373b7eac9,955
8f9d6bb2-dba4-4cca-9967-cc02b9f4820c,956
d2299099-e617-46dd-b013-ba0b4c72bc63,957
74171cb6-1ff8-42bd-be8a-96660c22e3e0,958
44a7f7d5-79df-4f44-8f5e-02dfc0626904,959
94dbfe2e-ca48-4e08-a5a8-e1e74136c63d,960
c7423e0c-ab3e-4ab4-be10-cdff5a9d3062,961
b8549efe-f4fd-4dc0-8ef1-226e9c400233,962
d1353a0c-26fb-4318-a116-defde9c7c9ad,963
5cbef01b-cc35-4f52-af7b-d0df0c4f61b9,964
c3171463-d55c-4140-ad06-dbdac29c508c,965
6830e150-6233-4255-ab97-6e2e38759637,966
023d64c9-93db-4a20-8c5c-2efa1a53481a,967
5a092e7c-faa9-45d0-88c6-052205804e6c,968
af8e4cc5-ef54-458d-a194-7b210acf638f,969
55441123-89a2-49ab-ae3f-df7a3e86835a,970
1f8e4ffd-b81b-4d10-91f4-461585bf9d16,971
f81f19b9-c76e-43ac-8656-bb56071785fb,972
d8661c02-f423-4d72-8044-40ff05daf7a1,973
593f8594-83ad-4df4-a9b8-e4d225f55440,974
7b52603c-a84c-4a76-8dc8-899bb4dd9fa7,975
144ef525-85e9-40c3-8335-02c32d0861f3,976
4b0be624-6b87-47e8-bbf0-588a2c6c0439,977
8448783d-a68c-490f-b5c5-4a6364ef5537,978
0d4bc6e5-2a3e-4fdf-8bbf-59ad0bc374d7,979
d8d1b067-78bb-4db7-8f91-db2ff9a83ee5,980
3b3531c4-cd2d-4df0-897c-a2e29b8341fc,981
8dd98bdc-80ec-4e93-8509-2f46bafc09a7,982
abd506e1-6f2b-4d6f-b937-92c267f6f88b,983
f0602f55-1770-483d-89bd-4bae0d0ac086,984
19516266-e5d9-4774-b749-812bb76a6559,985
d048022b-8e7a-48b4-be28-638922556639,986
6aa55ee1-4c46-4f7c-9a6d-5051dfe2c06d,987
dbb3b771-ae77-4381-b61c-758b5b7898ec,988
6b966946-5274-4e3d-aabb-7563814d805f,989
a0955511-1324-4e9b-834f-e1e140502850,990
0bbbc496-c7b5-4b3f-bb6d-bd312827d6e5,991
89ad4ac3-39f7-470e-963a-56509c546377,992
ca39d50f-9885-420e-88d6-9c3f64038773,993
5fcd6db8-979c-42e3-99a6-fd8302f82a9d,994
b7ddce8b-9e5c-46bd-9d33-41b134ce1a7f,995
4f9675d2-f6d5-486c-9b26-33dcca998500,996
9478e346-7c52-4780-9555-3d1577f0b905,997
a344d1d3-bc5e-4a59-95f1-814999d009ac,998
a505bb48-ad65-4af4-ae47-29149715bff9,999
fa31e7d4-a03a-4110-98fc-f8826e95ec25,1000
2adb429d-e39c-467b-b175-3f40440ff630,1001
23eeaeaf-423d-4859-8c91-2175ece74287,1002
1d543e07-d0d2-4834-a8db-d65c50c2a856,1003
38c7a3b2-17fb-4166-b964-4e445d69efdd,1004
03cfb17e-9d4a-462c-88ee-1fa348bc3a0d,1005
2ecbc483-dee4-442f-8ce7-f3ab31c73f87,1006
a16371b9-7d36-497a-a9d4-42b0a0440c5e,1007
32cfbaf8-87aa-466b-9c1a-331ad9075ea2,1008
de11b037-d880-40e0-8901-0397c768c457,1009
611700cf-27f0-4dc9-ae80-c513a767853e,1010
9dc9f4b0-a7b4-43c5-8f6b-fcd43c426a4b,1011
4c56405d-ba8e-4283-99c3-1dc95bdd50e7,1012
194eeda1-e662-43bc-b9be-32fc1afecc8b,1013
766a2b45-441f-4096-af05-dbbca9518c9d,1014
cf8b3b8c-118e-4136-8d1d-c37091173413,1015
c4b87e45-c07a-460f-9c58-8d15328e2964,1016
1cae523b-fbf3-4312-a5c9-e569a6d4bd74,1017
e000d76b-afff-4286-a5fd-7ea6405cb80f,1018
89d746b8-7d18-4baf-8cee-659b07771568,1019
79491354-3d83-40e3-9d8e-7592d58d790a,1020
bf0caafc-2b20-4e07-ab85-87e14ff430ce,1021
ffe16bba-4d84-409b-8f22-5242c60b930f,1022
42a8f507-8412-4611-854f-926571049fa0,1023
57fca0e2-f9ad-4ae6-af9d-6a6f50cbcd5f,1024
43c0958c-27ef-46c4-b4cc-83cfca54170d,1025
4f8916d6-a7d2-43e9-96b6-ce3168c39c84,1026
5ae54dee-4dba-49c0-802a-a3b3b3adfe9b,1027
3d6bbeb7-f90e-4d10-b440-e153c0d10b53,1028
674bf89f-8e70-4472-929d-6b4ed6f98c88,1029
0cd12ab3-9628-45ef-a97b-ff18624f14a0,1030
a4a01f5d-18e7-4571-8c3a-76ec0e24e2d7,1031
06e59c30-5e21-4318-96e8-7a5f7e309af1,1032
15f835dc-ee52-4b74-b889-113678f54119,1033
3248ed2d-bada-41b5-a7b6-ac88faa1f1ac,1034
5e94030f-c3c7-4777-a5af-5ecfbfc37bba,1035
7fa7fc04-1011-4876-8095-ecd232edea87,1036
caaba574-dfbc-4681-8e56-19b5150897d2,1037
d135874d-9cae-4fef-97e3-36acbd9f5a26,1038
23b58ea2-1cc3-468a-9e76-5027e196e851,1039
c33c2065-b1c3-4406-b066-d33a9e2ea71a,1040
38b511a2-76fa-4a1e-9b7a-e2a6efa6399b,1041
c75d637d-bcca-4123-9ffa-fab3c01be71a,1042
e1194e66-e4f0-4351-9d26-ac95df530d0c,1043
c5eb9407-caeb-4303-b383-6929aa94021c,1044
f90575d1-abcb-42b3-ae32-1849312c26e6,1045
4236acde-2ce2-441c-a3d4-38d55f1b5474,1046
f10177e4-b7f7-4e63-92b6-c805c6cc54d6,1047
db3c0a20-bf05-4b30-ac22-f294aea24172,1048
789e5db3-502b-4f13-8039-88c70e053fa5,1049
aba64937-3334-4c65-90a1-4e6b9d4d7ada,1050
7f36c2ba-a338-402f-861f-390229bfae04,1051
477b8c0c-c5fc-4ad2-b5b2-191f0bf2a9df,1052
169c4c28-858e-497b-81a4-8bc15e0026ea,1053
55f22ebd-bc14-4539-a003-1842fdaa21b3,1054
dcb03ce3-67a5-4eb3-b2d1-2a12d93a38f3,1055
c8bc9ad3-1df2-4c9b-9cf7-cf6fc60441dc,1056
4967c0a1-b9f3-465e-8440-4598fd9fc33c,1057
4dca4bb2-23ba-4103-97e6-5810311db33a,1058
7e9bd05a-117f-4cce-87bc-e011527a8b18,1059
1fd8c24b-eaf3-4ee2-9931-b8130099d789,1060
17167af8-c1da-45cc-bba2-9d23f068b7a3,1061
a9ee533f-8871-4f62-a6bb-91eb264abc90,1062
ef43cee7-13f5-4d10-844e-879aba3d8b19,1063
a9fcd5fd-6ee3-4ee0-bd5e-c457517d1836,1064
58e5332d-383e-414c-9917-776d7b1493a2,1065
9fa07bb4-8312-4cd7-a19a-4fdbc5797148,1066
fa57d5dc-bcfa-40ea-9638-3d3cd89d1258,1067
ac7e838c-3d95-47c2-92a9-81767ad7c217,1068
d262ea27-3ffe-40f7-b922-85c42d625e67,1069
37c78aeb-d196-42b5-b991-6afb4fc9bc2e,1070
12d432a3-feb0-49b1-a107-d20751880764,1071
27870d47-bb98-42d1-bf2b-c7e972e6befc,1072
94b0fb9d-a066-4823-b2ec-af1d324bcfcf,1073
85af0709-95db-4fbc-801a-120e9f4766d0,1074
e280268a-a5ab-4bb0-be4d-ec470ca59131,1075
1ba1d493-7114-45e2-b163-a36d49a0c065,1076
20883363-1ea4-4d72-ad72-c0e767038f3e,1077
c2a44e93-3a2b-44aa-bd8b-7a71bb76e3b5,1078
a2accb58-6099-4cb5-a3c8-f6332f364db5,1079
eaf6a7ca-105d-4a94-ba02-8c3e4040319a,1080
6c8fd0be-d961-454c-aee0-4366a6dbc993,1081
028e1863-cab4-4a3d-9dd9-91c682c91005,1082
125948ec-7f91-4d1a-8b83-accbf50fae3d,1083
97f3a6c0-fe2d-465a-919a-4269cbb735d6,1084
8eeecca3-3e44-4311-93e5-e67decfafc06,1085
95e1ead9-4d31-4808-a7ac-32c3614c116b,1086
69ee3720-a7cb-4402-b48d-a02c366f2bcf,1087
ad3eb8ea-f541-4e3a-b550-7900bdc4992b,1088
847e8a0c-cc20-4213-9e16-975515c2a926,1089
b0335a95-8a12-4c71-8149-5054ec847d04,1090
ef656595-bbe8-4386-8953-be8df9f54472,1091
843384a8-2fb5-4d21-91d6-3f4b545fca7f,1092
9f4551c6-1324-4ac5-b3fe-a5c5cfacd54d,1093
4b52ef0a-78c3-4b52-b4ee-658ac47ff889,1094
14e410f5-97f2-48ba-b1f7-a3a44cbea05c,1095
1b15e90d-910c-4be4-99cb-463772a6430f,1096
8000598a-5edb-401c-8e6d-36b167feaf38,1097
75af9d25-cf32-49c0-9192-60bd8e9784e6,1098
127f591a-7e27-4435-92db-0780f219f3a1,1099
e390d54f-92f0-4039-9dd3-e8eac130b4c0,1100
aabb1d9f-be12-45b3-a84d-a1fc3e8181fd,1101
7e54d133-2525-4bc0-ae94-65584145a386,1102
1aff9117-5820-490d-9938-ccad96669292,1103
4ac4e32b-bd18-402e-adad-ae00e72f8d85,1104
0a176d0a-ef46-4e7f-b018-9f4d65614668,1105
f41490ce-fe39-435d-86c0-ab5ce098b423,1106
1aded574-9e16-4648-861a-24fd6f1c309e,1107
c2b37a39-c66a-44b2-b190-a69485ae5d95,1108
4b179fe2-dfa5-40b1-b6db-b56dbc3b5f09,1109
735e3514-a8ae-401f-af3b-6300df1b8d2c,1110
51b7f46f-6c0f-46f2-9496-08c9ec2624d4,1111
315fa94f-3bb5-43db-a28e-406a83e9805c,1112
10bf95b6-30e3-44f1-817f-45762cdc0de0,1113
b2d122f9-eadb-4930-a196-8f221eeb0c66,1114
1dcc8968-f2cd-441c-beda-6270f70f2863,1115
b5b4ba6e-6e34-4669-a33b-0d813b4c3d83,1116
2bc20c29-8c70-49e1-a92a-0738cda521a9,1117
648615ca-ca74-460d-928a-2bae67ae6d14,1118
0220a594-56a1-47ca-8288-001ead3a3546,1119
39153756-5ffa-42a1-9b97-0468839021c3,1120
b345af35-205e-4eca-8006-029e5c20127e,1121
1129817c-488a-4096-80c1-77fc1b107c93,1122
f208f09e-b5b3-4b06-87cd-f7230fae17e3,1123
d45641da-371c-430e-8907-6086590ab282,1124
5a24bc1a-c093-4a82-84ed-8d7f2da0570d,1125
0019749d-ee29-4a5f-ab17-6bfa11deb969,1126
c98d40fd-f6cf-4b26-883e-eaa515ee2851,1127
ba1384a7-8b0e-4ea6-bf0c-f1ec17a06d14,1128
10b7b68c-390d-469a-915b-40bac704f288,1129
0f11d99e-88ba-48d2-b652-4ebe04c52d11,1130
4e045c96-538b-46ed-8ea8-7cae20b56574,1131
603c5f9f-492a-4f21-9d6f-1642a5dbea2d,1132
4d2956d1-a3f7-44bb-9a41-67563e1a0c94,1133
6be2828f-6c0d-4059-99d4-fa18acf1a296,1134
092b603f-eb4c-4958-b10e-02420de5885b,1135
77d21c13-846f-4f48-9546-873949eff6ae,1136
148ddea2-6839-4354-8e2c-5dfadf136b7f,1137
88d1360a-bc2d-47df-90d1-d2de285560aa,1138
931e1d1f-6b2f-4ff8-9f70-aa537210cd46,1139
90cda7b7-9112-4ec7-9d6f-3f4675ef5130,1140
0743b15a-3c32-48c8-ad58-cb325350befa,1141
edbc42ea-6040-4414-8c4c-9eb7d503f64c,1142
e54be6b7-5c26-4b47-bb3f-c137429b9b55,1143
05517043-ff78-4988-9c22-88c68588ebb9,1144
50698127-f6f4-4c0c-8010-db98c21100e1,1145
331ce348-1b08-40b9-8ed7-0763b92bd003,1146
541f16f5-ad7a-428e-af89-9fa1b16d3c9c,1147
1f16a425-2606-4137-a6b7-234b6dabe037,1148
52fe888b-112f-4023-adc9-f8287f177f7a,1149
765774a0-2060-469b-8b7d-612eea48579b,1150
5c2717ab-3b1e-4043-8874-e88ecf391cc9,1151
81b07a2a-cdf0-4c5e-a68c-8d910e1f0ea6,1152
313a0007-b9d3-4036-921a-ce311f9795ad,1153
b017a7ae-e5ee-4675-bb13-c83346134971,1154
7b2f87f6-db90-464e-a27a-deb4f7219e90,1155
21f3573f-10cf-44b3-aeaa-26cccd8448b5,1156
8aa5b65a-5b3c-4029-92bf-47a544356934,1157
e20747e7-55a4-452e-8766-7b985585082d,1158
67c5183c-c8ad-4d0c-8203-3d5a565c12aa,1159
351d8bdf-33a1-45e2-8c04-c85fad20da55,1160
42689657-cbec-4f66-a9ed-80f939ea23ed,1161
6e855495-c063-4052-a26d-959c3f226c87,1162
99e9b8ff-b8ea-4019-a073-acc9fbc93bbe,1163
8295ee00-0096-461d-95c7-c2263d2a4c6d,1164
fbe054ec-a143-4101-9e9e-64abc5ff5ac9,1165
f1106b17-dcbb-45f6-b938-199ccfab50cc,1166
3bd76ebe-c7dc-47bd-a8af-9e46d2a4f782,1167
b847568f-cd75-44c7-b87b-4f38a5a9f661,1168
c23b637b-97c6-41eb-8ef6-6c724efc80a8,1169
13c9c494-09aa-4518-8572-9f41dbdff461,1170
b134d1bf-c7c7-4427-93ac-9fdbc2b59ef1,1171
0af78501-5647-4c18-9a0d-66ac8789e13b,1172
8d08cabf-03a3-4f38-a815-8197a0984f19,1173
80ccfede-c258-4575-a7ad-c982e9932e0f,1174
a66ebddc-ff04-46b8-820a-15c63e80dba1,1175
d4f82967-4008-4481-953d-399d089753dd,1176
20aa23e3-3532-42ca-acf6-e8c2e9df2688,1177
69632f9c-31eb-43d5-a864-e73ac72efc66,1178
31aa6f87-8d00-4ae9-a5cc-6d7eeea109d2,1179
826dc91a-6dd3-4279-ae8d-bb710db646bb,1180
3d2b98e5-556f-4451-a3ff-c50ea18d57cb,1181
8a7ca8b0-d23c-4eff-8fe9-6220ba5c9c76,1182
462a85b4-83ac-4164-86b3-e5ac6a7ec040,1183
13246906-ec3b-4ec5-bc2f-f7ca802facea,1184
abf5f674-dbad-4219-b3ad-dbd6fb163c8e,1185
db859a53-b7ca-4892-bcda-5ef78d2c891f,1186
f75150f0-d80d-4c34-903b-6acfb47b63ee,1187
d4310265-7415-4802-b4f3-4b762217efbb,1188
b669c53e-5a1f-4adc-80be-755e64e8115e,1189
fc01cdec-f2e3-4d43-a1f7-7945ca43618c,1190
aaf09f31-bb5c-43e5-9f54-bb6554c33a71,1191
84dc4f23-c0b8-4fe1-bbca-a3993ddc8fc2,1192
7527f6c2-d762-4b88-b5e2-9244f1e34c46,1193
3fa7095b-4447-465e-a784-14b07789d7a1,1194
eace2373-31c8-4aba-9a5c-7bce22dd140a,1195
b0122194-c49a-46a1-ade7-84d1d76bd8e9,1196
a7c38944-b3fa-4a3d-a4bd-d3b3b06f0cbf,1197
c7788fba-e635-4d8b-a937-01a68ab154e3,1198
10c07fca-2678-40b6-9644-cde68d3e9554,1199
17e137fb-59e5-4fd7-af48-afc34995396c,1200
1f064e2d-aa55-4631-8f62-e2c14bbe1f4e,1201
160629ab-ec18-4931-8c95-02cb92d06186,1202
848262ad-408e-469a-a7bb-13ef82622b7f,1203
cd830a8f-89d2-4e96-96cb-7a497e51d437,1204
66fce392-d89d-4eaa-a346-c50aa1021f00,1205
475ae7a5-07de-46a8-a88d-4322259aafa9,1206
ef954679-5ee7-4016-acef-7ac71f2fa3d8,1207
e77a126e-7005-47c0-996d-6245372f1a51,1208
e36e78eb-3ace-4acd-882c-16789e700ab7,1209
5dcdb5eb-cb72-4e6e-9e63-b7bace604965,1210
cba77ba2-862d-4cee-a8f6-d3f9daf7211c,1211
c0a138e2-cef7-471b-8fbb-524e1076256a,1212
f1c8da15-b408-4149-b863-f1cbe9971f19,1213
386b19c6-a3d2-414a-bef2-c178572b1cbe,1214
315126eb-86bc-475c-a308-b8edfdd6c08c,1215
d547b148-cf1f-421b-9464-ce7411ba44b8,1216
eab76c9f-ff91-4431-b6dd-3b976c598020,1217
0ef3f425-9bd2-4216-9dd2-219d2fe90f1f,1218
38f953ac-af97-40b1-b95c-ab35cc0d7a81,1219
ff865aa0-4603-4f79-ae8b-8735332e2cfa,1220
ea854cc1-13fc-4fd0-86a5-d2c7dba06764,1221
614e3804-7d34-41ba-857f-811bad7c2b7a,1222
ddfd9b2f-186e-4b2c-ad09-01aa5380c225,1223
5dedf5cf-a598-4408-9556-3bf3f149f3ba,1224
917bc621-ad02-477d-9308-a0304c5f9727,1225
0ab49580-c84f-44d4-875f-d83760ea2cfe,1226
6f2f87e7-3ce9-4f1c-81dd-6f068a78cf26,1227
b23e8a63-8f47-4882-b55b-df2c92ef400e,1228
e6f8912b-7df9-4aae-b551-2cd03dc29588,1229
149326c2-b8a3-48e3-b3d2-9b5b9593127f,1230
01e60eba-52df-4694-8f09-39f43abe54e9,1231
7cf0ea9d-86b9-4dad-ba9e-2355a64899ea,1232
3533dea4-218c-4fc9-ab6e-2e3dc0ffde6e,1233
3b02795b-bd2c-4aac-8f6c-e581514cc2d8,1234
a9416fb3-4d28-4575-abae-f0d160be83ed,1235
879a449d-506a-422c-9fb8-8af01d3d04ae,1236
23a03e33-a603-404e-bcbf-2c00159d7067,1237
8f6bd1e4-fbe1-4f50-aa9b-94c450ec0f11,1238
e0036453-ce34-4095-af40-8c70ee07cef1,1239
a49b5d41-7399-49ef-bcb8-a5779a30d2e9,1240
5aca3051-afa2-4f5c-9974-cc9418482a58,1241
4ac60dc3-8e50-4c70-be0e-4a4a1298f7ba,1242
a1ed5e33-22ff-4e7d-a457-42f4309e135f,1243
985c5cc9-2dc1-49ac-8806-5b66586a2d58,1244
8fb6c00f-61d8-4f27-98f9-53e1ba481626,1245
f9ef7a22-4262-4596-a2a8-1d19345b8e50,1246
e6e879c0-3d56-4f12-b3c5-3ce459661a8e,1247
a342964d-ca53-4e54-96dc-e8501851e77f,1248
cf6e878f-4ad1-4b32-a105-f832c69a4f51,1249
9941a936-196a-4a62-ae53-a69cbc33f20e,1250
b15ebd71-a252-417d-9e1c-3e6863da68f8,1251
ca264abf-3eb6-4d53-827b-6ab16988a4a3,1252
da90b5da-349e-4906-a0b4-805f5e46190d,1253
55fd865d-4a0d-4fd0-af19-7e6feb168ab8,1254
746737be-e792-42bb-b18c-fb46d7935d7a,1255
8777a849-fb4e-4430-9918-170f619c5286,1256
6da0515e-a27d-449d-84cc-00713c38a140,1257
61cd6f2a-cdde-4f34-aacd-b992badcacba,1258
1ee18fb3-18a6-4c7f-8ba0-bc41cdd0462e,1259
7bd9e20e-74b9-446a-a2ed-a223f82a36e7,1260
f5cff7b2-b19d-4934-8525-b17248b30ab3,1261
18a0d72d-0be0-4196-a340-035163bfae1c,1262
8475297d-fb78-4630-8d74-9b87b6bb7cc8,1263
4a8ac23a-e27a-44db-814a-f8c31beb68e6,1264
6a5f768c-db43-461a-8e58-658084ebe84d,1265
1a60d6dd-9d3e-40fc-a66d-3184f9ee0d61,1266
8951c87f-f730-4247-b442-52ed14ad6a97,1267
6acb932e-840d-47ac-8e0d-725ad8a6e52c,1268
5f572b31-8fd9-45ae-9beb-358c98d839df,1269
070d193a-845c-479f-980e-bef15710653e,1270
a7bdc71f-697a-45d9-92b2-a01fbbe50272,1271
d6bd72bc-b1e2-4525-92aa-0f853cbb41bf,1272
ac1dd50d-9f23-4c9a-8fc7-f2d6b03a5c5d,1273
381e8434-109a-439c-8acc-5d328359f2e0,1274
794c6bf2-3241-416f-9b8f-24e2d84a1c4b,1275
41a94033-8b12-4c60-a22c-38c78801e363,1276
882d41ca-194d-405a-bfc5-b698ccfd77b4,1277
e664d1cd-23ab-48d5-b8fa-e98485daa5be,1278
afe409c2-57f1-45fe-9140-50cbccd88223,1279
bd13909f-1c29-4c27-a874-d4aaf27c5b1a,1280
57e79d57-b795-475e-9fa2-5dd9d5513b8c,1281
a9b88ebb-83aa-4ef7-b674-fabeb572c14e,1282
369fbad4-6fa4-4dae-9842-a69826cd359d,1283
e1564e98-978b-4947-8698-f6fd6f8b0181,1284
06fb1c8b-566e-4cb2-985b-b467c90781d4,1285
98091205-c85e-49b0-954b-d84dab308138,1286
3869dbb7-da0c-455f-ad74-332a9d35d016,1287
ec88cdc3-0517-4951-b5ef-7323e7316db0,1288
70248960-cb53-4ea4-943a-edb18f7d336f,1289
b4946461-dacb-4aa9-a77c-7b3231317794,1290
31e9c35b-2675-4632-8596-f9bd9286f6c8,1291
31745282-b1ea-4d62-939f-226b14d68e7c,1292
4f8b7186-b2a2-40db-97ae-6e1cd46d57b1,1293
e618770f-e994-41c3-856f-1eedf56b6d74,1294
b5fa29f1-6c22-4321-a488-b5f363b06b06,1295
115eda90-a9f4-4437-9e4d-513daa0d5f35,1296
2fddb92d-24b2-46a5-bf28-3aed46f4684c,1297
c8fb45c8-b3da-422d-a6db-73ac2ee56f77,1298
4279aba0-1bde-40a9-8fb2-c63d165dc554,1299
4306a798-e2f8-4192-9a45-2fd41cdae60c,1300
f98711e5-06f7-43ed-8239-da0f61a9c460,1301
c995a379-60b9-404b-bd97-a7e2de0751d3,1302
6d152109-c447-446d-9a06-3621c920bebd,1303
fd429857-5ace-4609-ae54-1502c3bdac11,1304
1a99cc88-aea3-4fe3-96b9-20791667f65f,1305
9512eed7-a1a9-4e2f-8cac-c10d1448c1ce,1306
606bf117-494f-4864-891f-09d63ff6aa4b,1307
4c98aa1b-34eb-4336-987f-5e50aa059c00,1308
592a3b6d-c42b-4567-99c9-ecf63bd66499,1309
365144f7-85af-4c83-b24b-b1d0b26160bb,1310
32a83250-7e26-422d-b9ac-f4564343e9ce,1311
ce886f30-8b8f-4cc8-b854-3749291350fd,1312
bc641be9-ca36-4c61-9394-5230433f6646,1313
6f28b158-4d1a-4f31-9339-7f381e3c4ee1,1314
1270af14-9c17-4400-8ebb-3f0ac40dcfb0,1315
2386cd66-e923-4e8e-bf14-2eebe2e9b973,1316
679ec43c-bc04-4bb0-b619-2da702a214ba,1317
342e72d6-e350-42c4-814a-3fe1801e65f5,1318
b09bcf6d-3a27-4fd5-8300-f42f51a80446,1319
c71abd83-9d66-4c7b-9f0d-c9c36e85a955,1320
9403a688-503e-464e-bb37-84626c57bb42,1321
183d6ef6-e161-47ff-9085-063c8b897e97,1322
ccd4426f-aef3-48e3-b04e-2e1de3d1f8d6,1323
5182c1d9-c7d2-4dad-afa0-ccfeada921a8,1324
328d146c-79f1-4eb6-9e40-8ee5710c14e5,1325
647221d0-f6b1-4e03-924c-c59b8059536f,1326
6fea1339-260c-40fe-bb7a-ace5c8438955,1327
68f1175b-592b-4f28-ab1c-85c7a438c636,1328
4bb712d6-8be9-4c09-810a-eb3bed2be345,1329
350bce49-c21b-4137-b50a-0766ded07e4d,1330
1b54e90c-638e-4fdd-a20e-4ab09db9fdaf,1331
52b9e109-44a0-45eb-a197-226c4abab232,1332
1c90eb11-0531-402c-87dc-d578e36ec23c,1333
f16d25c6-556f-42f9-b648-5f48a8f96ec2,1334
2e04a82f-9118-43b1-a918-bf84f122f7fc,1335
a64448e7-8936-430c-ae77-9f556481a56b,1336
32efea44-6cb5-4b4f-bdaa-c8b8f6cef981,1337
7952b266-9fd4-4a09-a324-7dc84f11b5fc,1338
b88f21a7-a1b9-48fd-bbc4-ae758026f17f,1339
6e17c8d1-2493-46cc-88d4-64b848a32593,1340
d6e65033-b56a-49df-8744-6fc3ffd75edd,1341
fca8cdfa-120d-49ec-b1da-0ff8aa90c3ab,1342
b6b2bb8d-54a9-491f-9607-7b546023b433,1343
bfcc6d75-a6a5-4bc6-8282-47aec8531818,1344
8097243f-7a3d-435a-a11e-0c5f886528e0,1345
b185451a-9edd-46df-8046-1db7e9594f5a,1346
87a73cf0-ebdf-483d-8b5a-3db1e5e72122,1347
1043a3a9-6722-4cdb-a28a-6acbad217b38,1348
d50a4b89-ff1f-4659-9fde-f76f8d5b3c89,1349
298909e4-ebcb-47b8-95e9-cc53b087fc65,1350
63011a8d-0117-4f7e-9991-1ef1f337ff70,1351
bc3d74c5-9328-4a1b-8014-3ecdb3dababe,1352
a33a9cd6-8c03-4047-b62d-59f76f494c20,1353
db008806-16f6-48fc-8521-3d953709689d,1354
ccb8f30e-4d71-40c4-8b1d-846dafe73e2c,1355
0e0dd9da-5878-4c46-9a9a-6df43abb5c96,1356
b91f0973-002e-4237-a39f-c7e02e786e53,1357
6be97d02-b66e-46d5-931c-0a81087fecbc,1358
5dfdca28-9ddc-4853-933c-8bc97d87beec,1359
3a9f3479-4f0c-4355-8ccd-c9ed5cd01586,1360
c5539100-4631-42d2-9766-3157ed0a4035,1361
d84c4e93-9c5f-45ab-a4ba-bd79d037eb31,1362
2914ee0b-9055-4dee-bca2-4f385b1e617a,1363
9c0b1b7f-d63d-4e4f-bbec-1e7e7607dd22,1364
c29f4522-f710-4bb5-a06b-d436fcc3b2fd,1365
5508631d-697f-4839-a669-06637e5bcb90,1366
4355a36d-805e-478d-8589-64f0292724b2,1367
bc85da58-52d9-457d-ae8d-5d8d4ec870a9,1368
5e372a49-5672-4fb8-ba14-18c90780c4f9,1369
deeea939-7f89-4762-b09f-79269cd70d3b,1370
f82f3a3e-29c2-42ca-b589-bc5dc210fa9e,1371
657ec972-3ab1-48a8-b472-1f1c210aaf17,1372
265f242e-cf4e-4fbe-a3fe-43112387172f,1373
92ee5562-3c1b-4e02-ac22-aae6261edac5,1374
083b3a38-13c6-428f-9e02-6c306afa5761,1375
11eabe0c-2638-4808-92f9-1dbd9c453429,1376
122d63fc-8671-43e4-9752-34e846d62a9c,1377
0ffb6573-a98e-412e-aa01-0a580e9d8b06,1378
0103c1cc-4a09-4a5d-a344-56ad99a77193,1379
79239441-bfd5-4981-a70c-55c3f15c1287,1380
1bc41dff-5397-4c53-bb50-469d2c277197,1381
7db6aae5-6644-4513-9bfc-ca2e79d4469c,1382
7520c1b4-59fe-4874-8a5f-6d4e6e36e98d,1383
f57e14e4-b030-467c-b202-539453f504ec,1384
00a9f935-ba93-4fc8-a33a-993abe9c936b,1385
b38225b8-8e5f-42aa-bcdc-7bae5b5bdab3,1386
bbd80354-597e-4d53-94e4-92b3a7cb8f2c,1387
e9dfc148-d5f6-425e-b80b-f99ed2bd7c09,1388
86a064f9-3ed4-4621-b29d-d05442c6b1ae,1389
22cbe400-9906-4c47-973c-b7122b23840a,1390
e59b17a9-2c0d-4284-854e-6d51a448091d,1391
150e14bd-915d-4574-b574-f77dd7ea72ad,1392
149e6720-4e4a-41a4-afca-6d29083fc091,1393
75de3363-412c-4f17-ae66-9f4c0cd7629f,1394
847e8284-8582-4b0e-9c26-b042a4f49e57,1395
0a77bec1-12ef-4caa-b36a-f533001fcd29,1396
59a7fbcb-ff74-494d-abd0-9c82359040c9,1397
29c28ac3-27c5-4822-8eb6-0af89a3a7240,1398
e0bba708-bdd3-478d-84ea-c706413bedab,1399
09037f07-42bc-46ac-a1ee-37f834451fee,1400
25a757f1-9fbe-4c52-be2e-1a5294fb25b9,1401
35f866dc-c061-48ba-8157-cf2e0eac4857,1402
1fa14a96-c25c-4bb7-b94d-ff453519eab3,1403
daeec599-bf5d-4428-994a-e76ba5f86e2f,1404
618b6900-0618-4f1e-b835-bccb17f84294,1405
e01c3376-15fa-40d7-b747-5f219bdefdd7,1406
39ab1aed-75e0-4140-bd47-540276886b60,1407
e675295a-1efe-4247-aa3b-53b78d0cdffc,1408
11ae9fbb-f3d7-4a47-936f-4c0a04d3b3b5,1409
2fa45bbb-0efb-4950-9d40-94bf23cbfec1,1410
a3a92047-be1c-4f3e-8960-c4f8570984df,1411
efa2c11a-1a35-4b60-bc1b-66d37de88511,1412
2c916f95-f6ba-46fa-b9d8-dc0d9379f603,1413
23620454-4dca-45b7-8496-066e94d99826,1414
0b6b5e56-9c72-4106-8285-60c4983af93f,1415
c3f28da8-662d-4f09-bdc7-3084bf685930,1416
74134743-106c-47a6-bb8d-5c9efde7818c,1417
d5da1841-9bc8-4813-9f89-11098090148e,1418
8766cdd6-066c-4b14-ba53-c7958e613bad,1419
1cf39e0b-c595-46f7-9ea8-4d2b14843c81,1420
c3694ddc-f7e5-40dd-9fad-90d11a2c50fa,1421
d3ba1c50-d403-40df-8eac-80d74551a7e3,1422
482a5456-7d8a-4366-a2e9-6f38853df632,1423
d3b2711f-2baa-441a-be95-14945ca7e6ea,1424
bc85c6f6-6b06-44c1-8754-ef32c1e6b824,1425
ab4721e4-bc37-4bd2-be8c-8f1550152ad6,1426
6ffb8ea9-2370-44d8-b678-e9237bbd347b,1427
8ac9e35c-e92d-4030-99ef-ba4127b1555c,1428
d82ba5f4-da09-479a-ab18-4b1a122c4345,1429
d67d1a21-6e45-4dd6-aef0-0191ba3796e0,1430
99acd557-c4e2-4086-9be9-85f57184dadc,1431
603ba565-3967-4be1-931e-9cb945394e86,1432
e1e05cce-3922-44e1-8f20-015abe5e309d,1433
6e0c7c0e-cba5-4c2c-a652-38f71ef5785d,1434
6e0ae159-8449-4262-bba5-18ec87fa529f,1435
a8ed28e3-5c08-4448-b889-867483e251f5,1436
1fda852b-92e9-4562-82fa-c52820a77b23,1437
0febdcf7-4e1f-4661-9493-b40427de2c13,1438
4580d83b-093e-4241-91fb-2dd71f5f1f3f,1439
e938a15c-b17e-4e7a-9f68-ff0d536cab44,1440
204db5a8-78f1-4078-801f-ae8f456eeb60,1441
3eb72791-6322-466b-87d3-24d74901eb2d,1442
8c9200b8-8e05-41d5-836e-44a37905560e,1443
8e05a404-3f8d-4b0a-9fc2-b7ab821b75f0,1444
f3e2ad21-900e-46a0-8597-2a3e457a7c27,1445
7b353d3c-2bd9-40e3-a21d-b7da3f941339,1446
ffb18e19-64a4-4a65-b4ce-979e00c3c69d,1447
4849dbcf-4192-434c-825b-077c9057c119,1448
107c7983-0728-46ea-8550-77e698adf690,1449
b5da400c-9a62-4686-b6fe-91518e57ce5d,1450
9d075d6e-9492-4343-ac95-93a808f61477,1451
a5be6906-b6ad-43af-ae65-ec4f9aa6c40b,1452
a91fbcd5-a74b-436e-ae0d-d2f6bb817820,1453
ff294730-0315-440d-a543-54005779c15b,1454
d0a3080c-57a5-4c35-9389-84a5a2f819f8,1455
47c8f88b-987a-4b64-9175-2b1b57809727,1456
8eed05a5-e9a1-4dda-8b33-e354c4ecc8b6,1457
a3352eff-cde0-4f15-b44a-6f5c3e9cf079,1458
7dc8f5bd-9d0b-4087-9f73-dc164950bbd8,1459
818be9a0-e5a7-4ff5-a190-98d2411d0cbf,1460
adc0f033-95c2-4e0b-87bc-c23ed3f26ce6,1461
ae681605-2801-4120-9a48-e18752042306,1462
5984e4ec-8a8e-4762-a5fb-e7d53436e0bd,1463
bd4d397a-849a-48bf-be24-52eec87feeee,1464
429d5f26-329c-41cc-bdff-17c29dbf1fb8,1465
f434ae2b-b203-490d-a8ac-aa9cd51c0e73,1466
7c158ea8-c0aa-410e-bdc1-20bba9759577,1467
b616019a-810c-4b05-a558-ad8406f225ff,1468
024c3b90-9d09-4c67-902f-fdf49649e4f8,1469
382f1005-e9ab-4684-afd4-0bdae4ee37f2,1470
7bace718-5f56-4311-9568-e46a70830605,1471
ed2ac1e9-d51d-4eff-a2c2-85e81abd6360,1472
c3477250-bc5f-44e9-aa0a-144dd2d7a935,1473
451f8f16-990a-412c-ab3a-b61e5d265b55,1474
5b11f4ce-a62d-471e-81fc-a69a8278c7da,1475
ee90d1b3-a4e2-4d18-9092-111d856e7e7a,1476
d700b3f5-45af-4d02-95ed-57d301bda93e,1477
14efbb08-c3d8-404c-9ead-ad71fa586ee6,1478
ad79836d-9849-44df-8789-180bbc823f3c,1479
3a5d1cc7-627e-48ea-aba3-fdd20d782c33,1480
b3a70929-32bc-4ace-994f-434b26ce96fe,1481
a53f5eed-f9f1-4cf1-9994-4c9374904790,1482
9a04dc8c-82f1-457a-a25a-3ff19e1b471e,1483
153c9281-268f-4cf3-8938-f5a4593e5df4,1484
1f574ab1-a46d-4586-9331-f0ded23e0411,1485
b7a05028-423c-49f2-a7ac-68591c7cf78d,1486
5e88b386-cf20-4aee-86b3-5a22cb8c2fda,1487
84800c46-2211-43e0-8a87-bdcbecf91932,1488
9b58672a-e68e-4972-956e-a8985a165a1f,1489
9854d99f-d954-4c0f-9ae5-58a0cdd885f5,1490
ef2d4a1c-195e-41f4-839e-bdfd3f85adc3,1491
b614843c-bec3-421f-9af1-03169cdd4b63,1492
4f6dd51e-bfd7-4153-ace7-9316d1757a57,1493
42555956-bf57-4240-aadf-b58e6762932c,1494
d044577e-aa22-43b7-ab29-cabee5f6643c,1495
9beb62b2-88db-4cea-801e-162cd344ee53,1496
4fbc55bb-61be-4eb7-b4b4-c08c68b4e060,1497
c296e10c-110a-4103-9e77-47bfebb7fb2e,1498
9f336c50-ae4c-4440-bda7-958aa12bc15a,1499
5e857ebe-88f3-4aab-9534-6728c305e427,1500
b5c4ffa2-82e1-4b72-b7f3-c60afb74b860,1501
98fb7792-01fa-4ed1-a15d-20077a47210f,1502
a16e47f5-aa54-47fe-87e4-bb8af91a9fdd,1503
4c730f5d-a27c-49fc-b505-23c2c61a6840,1504
49018fd2-95ef-4f7e-92bb-813159909314,1505
4f416ed7-dda2-45de-a6f1-b986e861cf4b,1506
77c167d2-4965-4421-830a-9815e4956475,1507
12be5b16-915f-44bc-978a-8ddfab235b79,1508
ab309b83-904f-4e2c-8d11-a0223bba51f9,1509
c8fc1732-d191-4a29-a33a-410f98eff13b,1510
1ff10dff-7ac7-4e53-bc02-d5c3cbd8448b,1511
8a7bed97-f080-4984-8db5-2ea5c82d8b33,1512
3630fff3-52fc-4e97-ab01-d68fd88e4135,1513
832a43c7-aa7d-439b-a6b4-4f1afa671c24,1514
5f821136-9935-403c-abb5-e78ddda35e9f,1515
de548477-205e-4802-8908-e71d3ad67be0,1516
8262d8e4-9137-4bb3-a787-3caabbbc13e9,1517
e8414012-4a1c-4ad4-be5e-fc55294e28cc,1518
b1003bf1-25b8-41f4-a783-36060f987913,1519
c147b96e-3428-4604-9b6c-d931f980f684,1520
1723c867-d5c5-4a61-a40b-8c04fa7acf1b,1521
34d42823-6b56-4861-a675-1565bf40d557,1522
8e1e03fe-ebbc-467a-b541-857144db10fb,1523
d25fa5a6-92bf-46a3-8bf7-31149b62eb84,1524
20244d07-534f-4eff-b4d4-930878889970,1525
0bd96fa4-9835-49b0-a1f2-7421e6a79dfa,1526
91d51bc3-bfcc-49f2-b6c4-d6d205d6291b,1527
a670e05a-cea8-4b37-bce9-d82daf1a0fa4,1528
34cf95c7-4be9-4efd-a48a-c2ea4a0bb114,1529
0881daf1-20df-4a3e-a84f-6476a84bb172,1530
020bfbb4-05c3-4c86-b372-17825c262094,1531
2692cab2-7563-4315-924f-563a59190fd9,1532
24f1766e-9635-4d58-a4d4-9413f9f98a4c,1533
a66cc38c-e6cd-4725-a8fd-7d32b998347f,1534
7570a0dd-5a67-401b-b19a-261eee01a284,1535
ce7bba8b-026b-4aa6-bddb-f98ed6d595e4,1536
baf05baf-69fb-47dd-93c2-033536b8c385,1537
4d8afa16-4018-4ca8-8b5e-ede8f9314562,1538
244afcb7-fa9a-49b1-9aa6-0149512d1c52,1539
255e2420-5b02-452b-9771-0512ebe78090,1540
8e3fcd7d-bda1-4ca0-b987-b8528d2ee74e,1541
8f3f7fec-cabf-4366-9c31-06f204b402f5,1542
fe563c67-8e92-416b-bd6e-b53a04a42568,1543
bd3b1f63-946b-400f-acd1-cac0c1aa2115,1544
91eda19b-1437-42cd-b7af-69df24b7f275,1545
a10f94a9-2a3c-4166-b9fa-a7bed0bf7d96,1546
7c20f558-d664-42bd-b6f1-81acf9dbb72d,1547
8f389bf5-a950-4a2f-a962-daf08151ee33,1548
8d53ba6e-968c-4f72-9571-4a4f3ed4b3f0,1549
3798b104-01cb-484c-a3b0-56adc6399b80,1550
eeee6fb2-d69a-42e2-af8a-9899957abf70,1551
3393aa0c-56ef-401c-9ca1-db7fae4fb636,1552
0cf9d983-aecf-4d57-9e94-fde2beac014f,1553
e28dbf43-a2d9-4651-908f-1879ad67d30e,1554
79255a50-40df-447f-9612-2cf669080196,1555
5dc8a187-443d-4fb2-a0fc-209ef241b9ce,1556
99ea432a-e3d8-42cb-9d5e-db316a6a8458,1557
cbaafb20-eb74-421a-85f1-2bb6341aad23,1558
7289d10d-d8d2-41ff-8308-c56ec9346e07,1559
8e66ea2b-b57b-47d9-8df0-df4630aeb8e5,1560
23d9d74d-c95e-46a6-be26-a6075c49747a,1561
b904d624-9e05-4398-8f4f-88fbcf022f79,1562
35723b60-732e-4bd8-957f-320b416e7b7f,1563
dd3f655b-7bf6-4fe1-9360-3de5d842e9d2,1564
c2e36518-9c3b-4dcb-82ad-a3fc7fe99c67,1565
1bdd1d2d-5974-46e7-8003-2e2ee3176653,1566
f2eef649-a6d5-4114-afba-e50ab26254d2,1567
8dcd04e4-7695-4d80-bae9-1d7d680a38ef,1568
e5c7b94f-e264-473c-bb0f-37c85d4d5c70,1569
87c5dedd-371d-4a53-9f7f-80522fb7f3cb,1570
ff460a70-fdf4-4aa2-b021-8a04da76d88e,1571
b4d32cff-f19e-455f-86c4-f347d824ca61,1572
cfa7c6b1-bbb3-4f9a-a636-cbfafb9b4bcf,1573
8a7a4e72-a099-425f-8238-80706fc1c746,1574
f3e2a7d9-c6bb-4848-95e5-04c0a1e2f511,1575
f04cc80e-0f59-45b8-aaf4-ac81035644e9,1576
6e755d2d-0b47-449d-b03f-fcacec33aab2,1577
3c3d3ad8-3935-4c00-affb-768563916f36,1578
0638ba22-040f-438d-83a5-9b670c4adaf5,1579
21985b14-1b0d-44fe-b357-310b29bba510,1580
a18015b2-6584-4110-9f7f-23c95b2b066c,1581
535707ce-ad97-4b73-946e-9ca27869fd3c,1582
1932f5b6-0b7b-4050-b1df-833ca89e5f44,1583
7e30debb-3308-49ab-a5ac-6d49319a5705,1584
e212efdf-98b2-4dce-92ed-62cfc1e29854,1585
6a726ac6-019e-455c-8bbb-571a77bed52e,1586
277e21a9-2d64-452d-96c4-2d23a7af5891,1587
9fa0e4be-4cd9-43fb-8b20-ad07c15b3b97,1588
b5a6ea29-3065-4869-ac66-a44002e55d4d,1589
a066b730-3809-4b39-a091-2297d40b51db,1590
69158f97-4c07-4c4e-baf8-4e4ab1ed666e,1591
66fc5bf8-daa4-4241-b378-9bc9077939d2,1592
5bac9b4f-2f1c-4d39-8d11-231d5b6650ce,1593
8027281d-79e4-4ddc-a8a7-6e6bf9254ad3,1594
2f04ad1f-9f97-41d0-a09c-59c40dfe9cd1,1595
bdbd48f5-abf3-4a4f-9a21-4551dbc3fde9,1596
2b7a7c7f-8c18-4e0c-aaf2-8c6f4e93cdbb,1597
51508c1f-8d07-4a00-9cf1-26c570fe7b78,1598
26f07661-e115-471d-a930-206f5c89d17c,1599
cd08ab5e-a823-4985-975d-3a3438b9b5d5,1600
3f23c754-8049-44bd-92ca-44a4bacb4380,1601
3771a9d7-2da9-43e2-b4d7-9ef8e644b649,1602
40f5d9e4-2de7-4f2d-ad41-e31a9a9fea27,1603
e5add03e-93c4-4f5a-9ffd-ec93f24d8c5e,1604
2251718f-7b5c-4a92-9267-895125c594d3,1605
328068c9-ee60-408e-8c24-b1dc1ae08b94,1606
a42d3fd5-55de-4206-86c3-4fbb5404018f,1607
0daf1c34-212a-442f-905d-c44f2adcc020,1608
c53d4269-cb9c-4940-92ec-f398fa47b190,1609
63b2d8f7-45d2-4b4e-8ffd-92cfcbc38688,1610
ccd4879c-5e88-4385-b131-bf65296bf245,1611
0bfba3d3-6a04-4779-bb0a-df07df5b0558,1612
67930b3e-e00b-469f-8c74-fd69f20522ec,1613
000d90ec-d64c-48a1-b775-e726fd240e9f,1614
e49f69da-17d5-4c5c-bac0-dadcb0e588f5,1615
0c751690-c784-4a4f-b1e4-c1de27d47581,1616
cedd2cc6-c77f-4104-b333-0547b29e0b71,1617
1afcd689-9be4-4d1a-a9fa-49e086250f51,1618
cfbc0924-0035-4d6c-8197-f024653af823,1619
3efd863f-6a5c-400a-9868-6ef533d51509,1620
f26c72d3-e52c-467b-b651-679c73d8e1a7,1621
8385f26a-f374-4a04-9aad-4442ce24db2b,1622
c2f28620-9372-4af4-b961-cc4b9e44d60d,1623
36e371e9-e76b-4b66-b813-e1d1af6d7128,1624
557ac15e-7800-44c3-bb62-d4ab34ac1e28,1625
9639cd52-c351-4a17-9797-58880e95a7ef,1626
707622da-475f-48e1-905d-248718df6521,1627
9386b36e-87f3-4716-a219-79a07a4e29cc,1628
fe1a873d-2000-4789-a895-4187fe756203,1629
94b7a39b-f3cc-4796-90dd-b1786a62877e,1630
2e547c75-36c1-49d0-984e-b14498c936f0,1631
29730ee3-e1c7-4e28-9ccd-3a0e6b0e8103,1632
86139012-695b-42f4-98f1-1f353f7230b4,1633
c544ed4d-2390-4442-a83e-1ea2883b09c8,1634
99d7b49c-c18e-4a11-bf3e-b71710938df6,1635
21267448-e8aa-40f5-90cb-f9ef26ccc009,1636
ad73761f-c66d-4149-899d-21f56d1969a1,1637
8bf9b24b-e802-4ab6-b342-b348e20b58d4,1638
a74f43e4-50c4-4b19-a2ce-c05ce9bccb03,1639
1f1f6737-b930-46fc-8d25-110bb99f7490,1640
35581de7-591f-424f-9c64-7b22fd45605e,1641
03ad1736-b7c9-412a-b442-82536d63a5c4,1642
8456e9f7-debf-4579-a86c-33a325a35d2d,1643
7d093650-89be-4108-842b-ba7f5367504b,1644
ece57992-dc2e-4f67-a269-fa43626c1a3d,1645
01252145-c9e8-4de5-a480-9b2bed05450a,1646
e9aed5e5-ed35-4244-872e-194862290295,1647
88f219d8-4140-4191-af4b-de81c7c587c4,1648
d7381ee3-d8ac-4622-ae9a-7e659143eacb,1649
ef6e2e49-aa93-41bd-89b0-8c7d2f260a83,1650
42faad37-8aaa-42e4-a300-5a7dae79ed24,1651
84783313-2a3f-4f17-ab9a-425a5d527879,1652
892500b7-09a6-4049-ba92-2d192dd70563,1653
34c63966-445c-4613-afe1-4f0e1e53ae9a,1654
2e8ac3ed-2a89-4377-ba80-790106aba554,1655
88a4cd4e-5dee-4153-8462-0d5e43c75f47,1656
cc7d4686-ea02-45fd-956e-94c1a322558c,1657
f83781c8-64f9-4657-85bd-51f74d195cfd,1658
172e1f1a-504d-4488-b053-6344ba63e6d0,1659
e631bb92-3e2b-43e3-a2cb-b605e2fb53bd,1660
72d7d717-0837-4f2a-9641-d0f9fdd3acf7,1661
f4ad883e-9a92-45ed-a540-a49c2d1c36dd,1662
22fa6038-d14c-4aab-a057-d397132e9191,1663
1884ed9c-6fe1-468d-a7f8-8d19c9c4e441,1664
8e8c7417-c905-46b1-b42a-5260b4274ed4,1665
a5511b19-c0af-4886-ab1a-042980644dd2,1666
c3c82bdc-d9e7-4836-9746-c24ead47ca19,1667
75a72702-a5ef-4513-bca5-c5b944903546,1668
39a31de6-763d-48b6-a45c-f7cfad58ffd8,1669
70f0e309-5418-49b6-a130-666e2f76eecd,1670
eddc0911-21fc-4327-ab90-ccc459ce1ef7,1671
321fdfbb-426b-43f7-8295-fa9aca6348d9,1672
ee6e8790-7123-40ab-b7e9-03c4fe6aa08f,1673
e9e9109e-5914-48c8-a7e6-a95dd94bd345,1674
2ddd167f-5b8a-4372-b350-6ad50493bac0,1675
f37b3f31-b1f8-4b88-8cb5-b34f709b17d7,1676
9ef8042a-2528-4f5c-b7c1-5e72b1efe170,1677
6c85f4c3-026c-4c16-9a7c-f546f42ed0fb,1678
f90e8b26-9e52-4669-a5c9-e28529c47894,1679
924fe8ad-53d6-469f-98b5-38beb6cd9c4d,1680
732bb732-4334-4128-b76a-e130b369c996,1681
75167b8b-44e4-407b-9d35-effe87b223cf,1682
3ab7295a-54ac-40e8-b1b2-3d110a143550,1683
8970d868-0723-483b-a75b-51088913d3d4,1684
45a663b5-b1cb-4a91-bff6-2bef7bbfdd76,1685
eea8a864-fcda-4602-9569-38ab446decd6,1686
b9ca7096-68de-455f-8a36-1f1ebb2abf2a,1687
7e13cd1c-0300-4d03-bd8e-5f86dd99d74f,1688
c2d25856-a09a-4d15-b404-77dd19c19e63,1689
eec43ebc-815a-4105-b1cb-205b8f57b4fa,1690
2f1e4ada-2b9a-4834-90fa-88d61b73082f,1691
52074ba6-e495-4ef3-9bb4-0703888a9f68,1692
0110e63e-0a9b-4818-af8e-41e180c20b9a,1693
9ccfbc94-a4f4-42f7-b6f5-d903ab77cccb,1694
d0400f72-c2df-4cb3-81bd-72fa19aeaef8,1695
4236d929-9a81-4c8e-97c3-8d3306780f50,1696
4b585938-f271-45e2-b19a-91c634b5e396,1697
cd9713d6-6e5f-4143-9412-4d12b7bd47f2,1698
8a396a9c-2e4f-47e2-a587-c26e93a0953f,1699
a32e4aac-1db8-4dc6-be34-a813c4530627,1700
0acae232-d31a-4211-b6d0-6af1b6350274,1701
7ec4a553-73e5-4c0d-a071-a82b83a309e6,1702
aafa70a4-2f06-4975-935e-b283fc87de7e,1703
004e5eed-e267-46ea-b504-54526f1f377d,1704
1b6ce503-df5f-45d5-86cf-54740c30042f,1705
781167d7-b9e5-48ea-9f66-67c4a6739562,1706
a35237a0-4f47-40a6-b6f3-1e786db23402,1707
fb01635c-51fc-4cad-b71f-62e18bb3433b,1708
ac69016f-42cc-4322-b70e-101458b769aa,1709
456eabce-d1dd-4481-a206-36ab4f2eaeb8,1710
9bbbca84-c6a4-44ac-87b6-d7e8e7930bb1,1711
f7ba7fbe-c6bd-4ac0-bee9-c25c558d7d62,1712
4bb4e4e4-5f66-4509-98af-62dbb90c45c5,1713
2ce02909-598b-44ef-a456-151ba0a3bd70,1714
4f8ef4a3-40fa-46b5-8773-97686a8424f4,1715
6eea322e-ab09-451f-818b-a1348ce14b91,1716
a8e935c6-3fcc-414c-900c-77e8170e7e7c,1717
1595addf-f76b-450a-a097-af852ff35f27,1718
5894dac5-0260-4175-b36e-e34680a859d6,1719
c779e090-909f-4403-a90e-c1d08cdbb719,1720
cb69e1f1-bc76-4df5-93c9-cf97dd8a3b5c,1721
2f94016a-3880-4d8c-9af9-0e197ee77189,1722
b95ce3ff-3d05-4e87-9e01-c97b66af13d4,1723
c14b4180-dc87-481e-b17a-64e4150f90f6,1724
8ac6cc32-8ddf-43b1-9ac4-4b04f9053176,1725
4d86ad4e-28d8-4e9f-8cf4-735c57060fdc,1726
3f542031-b054-454d-b57b-812fa2a81b11,1727
05755bf1-380c-487f-983f-d1a02401fa28,1728
ea5883b7-68ce-48b3-b115-61746ea53b8c,1729
fbd86487-ccb5-4a57-a860-cc3d360b5115,1730
39b22a9e-59dd-412b-ac3c-0725c807c72b,1731
f1b525b4-ddd0-4d39-85b2-d8fa26a7f279,1732
c48ff56b-0a0e-453c-be56-741d47c33056,1733
68a0067a-7a3a-43d3-bd91-391ea7600d8c,1734
36bfa85f-737b-41db-a8fc-b8825850ffc3,1735
bbc5b66b-d037-4f26-aecf-0b129e7f876a,1736
7cd2d860-c6d7-4be2-af50-57c51ee45687,1737
9df31471-e54e-43ba-bbe8-38fd94c63dbb,1738
8d18b680-368c-4649-a5e3-85e0c2dd6fc2,1739
ea321799-9b1d-4e74-a074-a5facf597d82,1740
4883523d-fc0e-4d0d-802c-91379e767083,1741
e3e4e534-30cd-4979-bcc5-a75c49802f57,1742
cbf11f81-f98d-458d-89e1-194b40ba5b60,1743
cbf9738d-8f81-4a92-bc64-ede09341652d,1744
9de8f66e-3cd1-4f11-8328-38200f0612b0,1745
03cfec4a-9885-444c-9e74-5fbab5861106,1746
d15721d8-56b4-453d-b506-fc915b14cba2,1747
54d99b56-f672-4077-8b15-b84c068e58fe,1748
b7834ebd-64ae-46c3-a930-2d3a52ee743a,1749
38d16213-25ba-450d-8665-4e08548e62e3,1750
83b86967-6b1a-4ca8-9cf0-c7cfe047ef3f,1751
0b76f632-25fa-4681-9862-86499c28afd3,1752
9940c604-2456-4193-a403-ab18420bc1e9,1753
78e46ae5-9bfd-433b-be3f-19e993d67ecc,1754
5ca3f318-d028-4151-ac73-78e2b2d6cdcc,1755
d5d97b2b-b83b-4976-814a-056d9076c8c3,1756
64b86e99-b6ec-4fb1-a5cd-f95482d3b57a,1757
5ecc3f72-20a6-47a0-8dc5-fb0b3dadeea0,1758
e9c832b0-384b-4ee6-aec0-111372784aac,1759
18b23026-ed29-445a-9bb4-4e86598ab5a9,1760
b62ecfe7-b2e6-4d40-b7d2-8f12d3f51ed6,1761
6758601f-6d57-491e-a125-037f382a5ddd,1762
ca891d65-d9b0-4258-89f7-e6ba29d83767,1763
f9ab44f1-7b19-4ecb-830c-403abcf36cd1,1764
72c536dc-7137-4477-a521-567eeb840fa8,1765
584c04d2-4acc-491b-8a0a-e63133f4bfc4,1766
7252abc2-dfc8-4aa6-889f-2d168b265403,1767
7e482754-d3f6-49e5-b351-235849754e26,1768
10000730-525f-4ed5-aaa8-92888f060f5f,1769
183e636e-d41c-43fe-a428-8a034eb20c7b,1770
f6dcd1e0-ad40-4687-8501-5b9a0d1d74e4,1771
67468e38-0c90-4318-b2d2-0c18b7b1e144,1772
f2fb0ff0-5679-42ec-a55c-15109ce6e320,1773
98a35a4d-a845-4282-bc7c-5679f2bb9bd2,1774
fb821608-35fd-4a45-a4b2-1a0537cee111,1775
084308bd-1654-436f-ba03-df6697104e19,1776
c4237bd8-b11a-4f22-b0b7-29beca7daab9,1777
a1d77dd4-8728-4a47-bdfa-9663d791139c,1778
3f8a5e5b-c24b-4068-9f1c-afad8829e06b,1779
2c629b8c-d751-4131-b785-5690bb5e0fd7,1780
11c6b106-1c1f-429d-8407-b1ee155d7f72,1781
39d6c679-b41c-470c-a755-4566bde24063,1782
89af9575-4d72-4345-8eba-e9de3d36ac34,1783
93e8c41e-8e4f-4d08-bbf5-bc1a903b2423,1784
44f42386-a733-4b51-8298-fe5c807d03aa,1785
777a21a8-0d0f-4cf3-86b4-65bc0eba5649,1786
1bc2d696-c0e2-480d-87ed-17b2a82d7983,1787
472b9953-1f10-4aed-b1ec-d0c23ffb2cf1,1788
c4406045-e640-4cfe-8b88-4732cce314d4,1789
e6de1f3b-6484-491c-88dd-6d619f142abc,1790
286ec4c2-b5ca-4f85-b331-280a6d73dd14,1791
f5b8ea5f-c269-45dd-9936-1fedf3c56851,1792
4e954b02-fae2-4bd7-9547-e055a6ac0527,1793
5fee3020-513b-48c2-b1f7-4681b01db0c6,1794
678d88b2-87b0-403b-b63d-5da7465aecc3,1795
87ac7e25-f278-47a0-b109-5eb131dc96b6,1796
f2cb0435-d643-4fab-9587-fdb0279330a7,1797
a0b2f210-cd3a-453d-937d-e4f2658d17c7,1798
16346cf4-4d2b-40ec-8393-0fc7296d92fe,1799
2b6514cd-d424-45fe-ab85-bd8719f4492d,1800
234bab50-2f04-4d21-8f91-df93ef554855,1801
2d12e7de-449d-4151-bc65-e5bad7ace24a,1802
cd71e6e9-42bb-4a1a-b5ce-17f41682b3e2,1803
a6bfadac-d028-4bda-a5b2-e1468f556569,1804
7a8dbe84-f4c0-4457-bfa3-edced1f8cde0,1805
f035837e-4117-438d-a524-cacf43500e68,1806
3f2a12e9-6398-42fd-b257-2f6abd4aa5fc,1807
6fe07aa5-fec0-4eca-a456-f29bff451b04,1808
c860af48-e9c1-49cd-b441-8d18e9f522f2,1809
79d60c41-8fe0-448c-9bec-3f43c10f860a,1810
6f2dfabb-f0bb-4801-a392-592489a148e7,1811
b83bc61f-8451-4a5d-8b8e-7e9ed295e822,1812
0356daee-ec48-4495-bc3e-460b8a5eacad,1813
37d29a0a-4f5d-4a53-917c-bd0e897c54f7,1814
bd513de0-e42f-425e-ae46-817d7bc5fb1c,1815
4753fcb7-9270-493a-974d-8daca4e49125,1816
0f96c38b-8e21-4571-afe0-cb11196a8acd,1817
919ccb96-12da-48f5-bd91-ec410d956048,1818
c7732cf8-e9a1-46f1-9133-84d930f3187a,1819
8de149a4-bbdc-4d15-aeea-0d66773c9f80,1820
c842d29f-a297-48cd-bb71-4f77fd672b16,1821
6606c527-376a-47b4-bb35-748d01e14f6d,1822
bbd2ffd7-17f4-4506-8572-c1ea58c3f9a8,1823
906cbb69-b793-463a-832d-b5bf850f01a2,1824
371f152d-1643-4b54-b32b-dd13d4c23442,1825
582fee78-d934-4603-9f5c-1729e0ca36b7,1826
fa4ad5f5-568e-498f-ba98-9ffc18e54ff3,1827
4cc51547-88ae-49a2-bf7e-0ef65ee7a94c,1828
72359492-22be-4ed9-aaa0-efa434fb2b01,1829
d735497b-25f9-4503-8fb5-f50150730c18,1830
674a7e8c-9682-419a-8e05-2358e28b5359,1831
f82bcf78-5b69-4622-a5ef-73800768d9ac,1832
60a23fda-a440-4ab9-a344-7dfdd2ed341a,1833
c76b85c5-56eb-4b05-9d48-da395e56796a,1834
d2a79d20-1304-47fd-a998-b4fe1ec78373,1835
66ea0139-149f-4a0c-8fbf-5ea9ec4a6e49,1836
4a4ee089-93b1-4470-af9a-6ff575d32704,1837
6faa7ca7-0d99-4a5e-bfa6-1fd5037520c6,1838
66cc244d-6f96-4668-a6e9-0f9cd5acc940,1839
6e019bc6-5c23-4935-94f0-4a896631d846,1840
1305bd7e-27ef-4236-ae87-0a7d435234ca,1841
ea4dfa26-f633-4da6-a52a-f49ea4897b58,1842
21685b15-3074-446e-aa1d-ff7157014f53,1843
23d8426c-18c7-46e6-a51d-7395bd43c641,1844
5e5480be-eded-44ad-9c45-f6136ec2f5db,1845
a871fd87-50f7-4032-b06d-da56779edcce,1846
822e92ef-72ea-42e0-9af1-b987816b487a,1847
d3fe567e-0681-48c8-9735-6cc9942629f4,1848
39076047-fce8-44cc-a388-4f6baba4acb4,1849
6b335658-22c8-485d-93de-0bc29a1d0349,1850
9c9f1380-2516-4fc9-a3e6-f9f61941d090,1851
2ee6f445-005e-40dd-8bb8-474849216a38,1852
17b53d9f-5c63-4a09-a593-dde4608e0db9,1853
c648509e-9916-4c56-ab63-652a03da16dd,1854
92d37892-6186-4459-9cc1-f0dde57652d0,1855
6a65d878-fcd0-42cf-aff9-ca1d636a8bcc,1856
3d46727d-9367-47b8-8b8b-f7b6767f7d57,1857
c78a5d46-c631-41bc-8772-439002e3d3aa,1858
16231a34-9ccd-410e-8690-f74e98fe16a4,1859
32b90c92-9978-4a07-90eb-caa4b22f4907,1860
98ed42ad-aafa-46a8-899b-150fa237133a,1861
dfe9a7c4-8cf2-47f4-9dcb-d233c2b86ec3,1862
af6bd973-3e30-4339-94b5-85b139362e6d,1863
be0cb2f2-71c3-4e95-a584-c19248951ff4,1864
3ac482b8-1494-4071-a0e9-f192f9d2c2b0,1865
887871f9-3df3-425c-a5b3-90c4d7862190,1866
b8c5cc4f-239f-4e02-b46f-b040b77c2030,1867
0396220e-d266-4980-b5f2-b0926d905bec,1868
44e14e88-b17a-44d8-9e94-f3afa977239b,1869
29bb04d6-5602-464c-8577-f55a27511b27,1870
62162215-b023-4f0e-84bd-1e9412d5b32c,1871
553d8166-27b0-49fe-b8e4-89a984e2c375,1872
cc433a77-176b-4d02-857b-2bfb68b3219c,1873
a8806b5c-3ee0-4277-94d3-1a5427a7707c,1874
092ca127-2e07-4cbd-9cba-e412b4ddddd9,1875
27613b78-1b9d-4ec3-9db5-fa0743465fdd,1876
78192f3c-607b-4190-a02b-8e036887b9a7,1877
b2dbfc09-b332-408b-a235-1850e41971c5,1878
79e98efd-4515-412a-af83-df381f5badd6,1879
8e67406d-de61-4e6b-a2a1-5a3725484527,1880
eb8ff09f-0b63-4c5e-96dc-b6dadeb794ac,1881
8bb436cd-8fbf-48c6-9fc8-a172c27e24ba,1882
d91b3683-4622-4d72-8a03-80f1ff59e639,1883
2119beb8-6ac5-4f21-82a4-b831c90c0024,1884
f2fc6ece-5615-4d2c-9cb3-8c5d51a839ea,1885
69ec6867-bda0-404b-bac4-338df8d73723,1886
ff95eb47-41c4-4f7f-a104-cdc30f02e872,1887
9ddd7abc-9e1b-471d-8031-583bc6bc8be9,1888
c7020c6d-cae9-4db3-92a7-e5c561cbad50,1889
16456fed-c9f2-4adf-b6ea-97b648c474d2,1890
ba0d6274-db14-4ef5-b28d-657ebde1a396,1891
d9a2f1e6-6429-41ce-9d32-9a66188fb39c,1892
5ffb73c0-b739-4231-ba22-f8d361be1d45,1893
b0799818-22cb-4564-8e68-3c410d0722ee,1894
0eee89dc-7d86-4a15-97be-011652c49288,1895
40985bd2-6d44-4c86-bd16-35cad449cce3,1896
fc015f11-be38-4b7d-b3e8-5d809242ecec,1897
72d3dc3f-3984-42b9-89de-42d6eeb1abf3,1898
5b24fbab-c58f-4c37-a59d-ab232e2d98c4,1899
9ab19acf-06d9-4c92-bd5a-8c945488d45b,1900
01d3c51b-9b98-418a-8d8e-37f6fab59d8c,1901
64deac19-021e-4dc1-8d11-658be8763589,1902
561d854a-6a28-4aa7-8c99-323e6ce46c2a,1903
8d552dfc-648f-401f-90de-e925013ca537,1904
ef90f210-f136-4386-ab37-8c00d04eeace,1905
7f260b9c-bea7-469b-9ba8-0daec7d2c85c,1906
364e1151-40f0-476d-a437-8fc6427262e8,1907
91e2e08f-abd7-44d6-9a84-b8a4afa8a265,1908
b21ef19b-c6aa-4775-90d3-3cc3e067ce6d,1909
11780147-21c2-4060-abf5-b0804119ef50,1910
9a3bf45c-347d-4630-894d-7cf3e8e0b632,1911
be540c02-7898-4b79-9acc-c8122c7d9e83,1912
bc710bcf-8815-42cf-bad2-3f1d12246aeb,1913
56abaa47-0101-463b-b37e-e961136fec39,1914
65f4f0c5-ef9e-490c-aee3-909e7ae6b2ab,1915
d2f4a968-1f6e-4a4a-9376-ee2b2a50c87a,1916
a11aacf5-fcbe-47f9-b065-75f4466c00ae,1917
6386ddff-0d13-4685-9f0a-a82bf022fb1c,1918
ba853904-ae25-4ebb-89d6-c44cfbd71bd2,1919
d8df96ae-8fcf-4997-b3e6-e5d1aaf0f69e,1920
24762087-34ce-4f65-b743-7d8402cf30dd,1921
936addc3-91aa-49de-8ec0-0dc186de151f,1922
6e650a01-6489-4dc8-85e1-8ec809dd72a2,1923
cf15719f-51f9-4db8-a15d-5eed9664ce69,1924
125ec42a-7229-4250-afc5-e057484327fe,1925
2d67239c-aa40-4ad5-a807-9052b66857a6,1926
53b106e7-0cc6-42cc-ac95-ed8d30a3a98e,1927
dc3dbfc1-f1f1-49c6-9d7c-425fabf3ae12,1928
e7ad821c-7168-4f98-8998-84e8a12de9e2,1929
d75d1f08-bbb8-4eae-9877-399ca9121197,1930
3b1c66fb-98ad-417f-b01e-49baf37f06a3,1931
5bb2a9c8-3505-4c45-9717-19f0f8f35425,1932
5e7ccd92-6277-451a-aab9-1efd587c50f3,1933
d70416d3-c006-4a8b-aebd-91a4f198591f,1934
9701356d-08d9-45ba-975d-977ab466e7be,1935
fbd2a255-1d57-4d31-ac11-65b671c19958,1936
5adb8b74-54b8-4700-836e-550b6a2a2f71,1937
182d5d8a-94c7-4ef4-8222-a1838353a37b,1938
a1154343-1ea1-4007-97d3-2382482a90cd,1939
aeee5fe5-38f5-41bc-8ab8-9f9aa23e4f68,1940
57961a97-3796-4bf7-9f02-a985a8979ae9,1941
f74c7996-4c0b-4ebd-b1e7-219e21c41286,1942
50a32791-ee43-4c67-aabc-3dc65e4a9838,1943
c4153c51-b4ac-4183-beb3-c5dbfce39176,1944
57805d77-f947-4851-b7fb-78baad154451,1945
d4d17620-fd97-4574-92a8-a2cb7e72ce42,1946
5365f55c-b1e1-48f9-b09f-078f7a14cb1f,1947
1c89bbcc-a253-452a-9181-546eb536e06f,1948
34ec9a8d-c65b-48fd-bcdd-aad2f72fdb47,1949
13bcb2bb-db37-4397-baf5-e0f085be2d64,1950
e5db18cb-4b1f-496d-a308-548b611090d3,1951
00eeed6b-5897-4359-8347-b8cd28375331,1952
a4a3048f-3968-4848-9f53-94e3d4f88b53,1953
29ed4a49-fb99-4a5c-8713-609cabe6f34a,1954
a96ac800-bfcb-412a-8a63-0a98df600700,1955
270acfee-1fbe-413e-a0a8-6a35a8b3b66c,1956
c3d6fdd5-67c5-453e-87e3-d17a00a52879,1957
5bf64d94-efd9-4334-96fd-e6197b0b02b8,1958
a800acf3-ca6c-4617-92cd-138df973404f,1959
83766a73-9c8a-481e-82ca-11853015cd2d,1960
9d30e408-1559-448b-b491-2f8de1583ccf,1961
9d1ebcfe-4c15-4d18-95d3-d919898638a1,1962
6e9ac29b-798c-4af7-8d9e-55cdc72a999c,1963
f97b55a8-7d03-4ebe-a277-a9cadc2a9f86,1964
b5bd9f88-962e-4730-84a7-795592ba42e8,1965
83d91898-7763-47d7-b03b-b92132375c47,1966
90218af4-4d58-4821-8d41-2ee295ebbe21,1967
39a1b293-8e17-4a1c-b50b-034c40e24461,1968
3dfb71a2-2e06-4a69-8839-3e1fc07e92ea,1969
6cb79cb2-9087-44d4-828b-5c6fdff2c957,1970
73fdb566-a9b1-494c-9f32-51768ec9fd27,1971
bbc8d6b5-a3e3-4d51-9f4e-565e9ef94967,1972
630662ea-1c7d-4208-99fd-ba3afec20f0c,1973
2a85ecff-41e9-4be1-aca6-c87054a4c334,1974
99164692-c02d-407c-81c9-25d338dd21f4,1975
6ac47f31-3b2e-4f95-bef0-ce869af4ee98,1976
944655bc-16b1-48d2-b4ff-f73654612fcf,1977
bf710b71-48e5-4e15-9bd6-96debb2e4e98,1978
57c1e5ea-e08f-413a-bcb1-f4e4b675bead,1979
864d7069-57dc-45f6-b408-875b35106dd3,1980
a04e7da2-998b-4e36-abaa-014c00b93622,1981
d352f5dd-3023-4565-a7bb-52396bf8821d,1982
50eec634-7c42-41ee-9b1f-b41d9ca28b26,1983
7b1cf87e-c54f-4abc-893d-90245a31900d,1984
c485632c-b784-4ee9-8ea1-c5fb365681fc,1985
29762c82-bb92-4acd-b1fb-09cc4da250d2,1986
1e6d7f54-95b1-400f-863c-2a72a7494e59,1987
299278d3-25dd-4f30-bae4-5b571c28034d,1988
4e0e884d-099b-4ca9-bf4d-bcb31e739540,1989
55821c25-bd47-4f67-baf8-17ccd2cf1c86,1990
d9951785-7906-4daf-9a60-21753bf64aa9,1991
5f6be871-eb98-42f1-bce4-5a3d8212c281,1992
881c5eec-ab10-4523-98cc-0abf43900065,1993
455aca99-38f3-47cb-aa6b-820cf9de3c91,1994
2ad3b5c0-85aa-4acd-8680-a90ac100133b,1995
68bd8072-0412-44b1-81dd-807aa6c1918c,1996
000fc734-b7e1-4a01-92d1-f544261b43f5,1997
33b3c323-77c2-417c-a5b4-af7e6a111cc9,1998
cf042013-3edd-46c4-9b0e-a62faac98d0b,1999
47b8b42a-96e8-46fa-9ea6-70c5136ae971,2000
a6623d39-2d8e-4f70-8242-0a9553b91e50,2001
ef2c6449-d02b-415b-ad8c-c14c08266552,2002
788ad31c-bf0c-4a31-83f8-b8b130d79c76,2003
66da25f9-1534-4dd1-b88c-718bc24e1ccd,2004
f7c65346-9631-4220-9188-5e90baae58d5,2005
f47fc54d-b334-4321-8218-00c5b11d4dd1,2006
1c5efd53-d6b6-4d63-9d22-a15025cf5f07,2007
e795e03d-b5d5-4a5f-834d-162cfb308a2c,2008
6f81a7dc-be31-4498-ae95-6d994ffec614,2009
25b75a66-ce83-4db3-b136-395a3c3784c4,2010
bcbc08d6-4615-4f40-963c-5158ebe2b9e0,2011
43e2b545-3e4a-4fd7-a773-8daafa610570,2012
a1684a49-feaa-4150-b758-d9412fc59f12,2013
451f9db1-f75f-44f9-b218-f8bdf22035a1,2014
215c6ab2-7888-4061-bd56-9fb650328106,2015
ea075268-e5ea-40f7-b9c3-68b039218a88,2016
5153eb0e-b6dd-4882-a24a-7d464c153962,2017
d89de379-665d-425c-b2e9-41b95d1edb36,2018
449d58a3-3a99-4a8c-9611-d3654849f4f6,2019
bc5e2ad6-0a4a-4d90-b911-e9a7e6861727,2020
10adbe5e-a2c0-4bf3-8249-2b4cbf6e6ca8,2021
efaefde1-e09b-4d49-9d8e-b1304d2ece8d,2022
9b707faa-500f-4ea8-a433-40e0b328a57d,2023
6ae51665-8261-4ae5-883f-1899651ad31b,2024
14b22b4b-06d5-4b82-8284-29d29b58945f,2025
c3bc80a6-1f4a-4e17-8cf0-6b1efe8302f1,2026
a2496a3c-8f42-4b98-b780-6f8d64f56441,2027
e2c00c56-8365-4160-9f40-a64682917633,2028
a41ac10f-0a56-4672-9161-b83f9b223559,2029
57652bf8-cfe8-42e7-b9a7-5572a7080d8d,2030
ebfc1398-8d96-47e3-82c3-f782abcdb13d,2031
81df2271-03a1-46a3-bb30-cce187235312,2032
24ea074c-59cc-41c5-a5de-f68c2952965f,2033
7249b899-8db8-43e7-9e6e-22f1e736024e,2034
30f3486e-1def-4fc4-b47b-5283eca9295f,2035
4593d49a-7f67-46ba-9ec0-126bd676286f,2036
0c502791-4ee9-4c5f-9696-0602b721ff3b,2037
39e32995-6515-40b2-a6f0-841524047edc,2038
3b221a54-54b9-435c-a7f3-5cf8e2ce9fb2,2039
584b72a4-45f7-46ce-b440-e9ee579d71c4,2040
5b687684-ad34-4a9f-b425-0e7aa81fbd38,2041
2c7e21ad-9b16-42df-9f9b-d583ce70a88a,2042
0f82d6b5-12fb-4569-b047-a00194f572a7,2043
5c4c90a4-539f-4101-83cf-301bc6a94e06,2044
92d48f3d-a9cb-4011-a002-2e9ac3a6843d,2045
534ee493-bfac-4575-a44a-0ae41e2c3fe4,2046
aa7a2827-f74b-473c-bd79-03d065835cf7,2047
b7dc7c76-53f1-49ac-8dc2-d469ed7f8e65,2048
1a1cd7f3-e5df-4eca-bae2-2757c9e656b5,2049
ea9078ef-20ca-4506-81ea-2ae5fe3a42e8,2050
1eeaf46d-4991-4e95-8068-927627ccfc18,2051
a83ec79e-bcbf-4872-92e5-8c7ca1bb8ff2,2052
d5be5333-4171-427e-8e12-732087c6b78e,2053
f1571db1-c672-4a54-a2cf-aaa329f26f0b,2054
1b0b533e-9a62-4a95-9c68-f2e140dde9da,2055
cbcbb22c-3a8d-46af-b4ba-09c98f0d7931,2056
48df54af-a70c-4ba1-8489-33688c001ac1,2057
f24c343a-5c24-4633-8ae4-9a3e8cc1eee7,2058
332228ce-fe8c-4a5e-90e0-e1361553e5ff,2059
bcb95908-5c6e-453a-97fc-d69003d250ff,2060
e83144dd-bb95-49fe-b1dd-00bab25cca9e,2061
f181961b-20f7-459e-89de-920ef03c7ed0,2062
64b94289-9474-4d43-8c93-918ccc1920d1,2063
1f5ff245-2837-4d4a-a609-e93e544478c3,2064
664c3e0e-42d8-48c1-b209-1efca19c0325,2065
8b46a7e4-704d-4f8d-973a-a0ab8ea8249b,2066
c310b8e8-468f-4189-9b72-9589a2ff275d,2067
8247a3f2-3a8e-4256-b322-6c57b03a4e36,2068
d292b4cd-37bd-4a88-a823-8710f273cc31,2069
b863cf80-19c6-4a87-8e42-6cff7ac8f18f,2070
4fd53e84-ffa1-4434-9146-3fab25ece7e0,2071
f4d5cc07-3bc9-4836-9b15-88a08359bc63,2072
93eb7110-0bc9-4d3f-816b-4b52ef982ec8,2073
24f8d8a5-269b-475c-a1cb-792990b0b2ee,2074
6a2ca1ac-408d-49b0-a7f6-cd608f2f684f,2075
2a9ea5bf-fc08-4fbc-ab73-17afa7906a52,2076
3d65bead-6eae-4012-8665-d5f593ea4a62,2077
01809552-4f87-45b0-afff-2c6f0730a3be,2078
05071a7e-e71c-4306-a509-591cd3686893,2079
101e0102-841f-4858-972b-edf716ee67c9,2080
199d0ab3-22c0-4c00-b99d-257f591dda1f,2081
453f1594-112e-4d3c-921a-8d14e9c97b2e,2082
e6e1e76f-afee-4990-aad0-056199d94918,2083
487bfd74-71bf-46dd-b89c-80b7a0f06f2f,2084
e1f1e33e-2e4c-4d43-b91b-7064068d3283,2085
61386f55-12b6-45be-baf2-7c9406965808,2086
b9a20306-a4f5-4d3c-8680-e9cdc7e3af5b,2087
5334edc0-5faf-4ca5-b1df-000de3e1f752,2088
00565b31-14a3-4913-bd22-385eb40dd13c,2089
230ca093-1d00-4c57-9235-147942f66930,2090
7677be48-16e9-4c84-9365-a69dd6f2df55,2091
6821bf3f-5d5b-4b0f-8fa4-79d2ab2d9219,2092
10a402b7-0e50-4479-b007-9cfdd5eaa287,2093
081b133e-ce74-42ba-92c1-c18234acb532,2094
a0327dc2-dc76-44d5-aec6-47cd2dff1469,2095
fc7376fe-1a6f-4414-b4a7-83f50ed59c92,2096
45074d7c-5307-44a8-854f-ae072e1622ae,2097
ab74e46a-714d-4c2c-90e7-b0638c863917,2098
a1d69fd9-0096-4a60-b277-de34e5a77fca,2099
6080c60a-6e87-44a6-a1e1-e5ff3a613818,2100
95e9aba6-f85c-48a0-9ec9-395d4f0e3875,2101
6e64cbfa-1a60-450e-81f4-c044c868ab24,2102
f3b8e107-abe8-4743-b6a3-4a4ee995e71f,2103
c07f0676-9143-4217-8a9f-4c26bd636f13,2104
a47c3aa2-7d87-475c-a2c7-1e2047dafb09,2105
db76c5ca-d555-4f09-b1db-baa1b713d875,2106
8434409e-baa9-4e12-b4aa-566a91c7d7cf,2107
951d2103-9c7d-4849-ae60-88bf6aa4790b,2108
b3c94036-6166-41d2-91a2-dc3a0b5fa188,2109
3414d446-735a-443c-931f-10634f57e5b9,2110
63b43c69-b822-4268-bdad-bcde12531f50,2111
e22d2f66-881e-41ca-9356-544697ee5f90,2112
bf24ca37-25f4-4e34-9aec-460b94364cfc,2113
dd91eb4b-6d08-4c14-9eb2-197a02a35f6c,2114
995a32e1-b1a6-4836-8abc-953c8b2f5094,2115
eb55f2c5-e7dc-4697-9ed7-864438d10eb6,2116
e9e2a634-984f-4c10-bf7b-7970179e1ef1,2117
8ef1df30-ae4f-4dbd-9351-1a32b208a01e,2118
ffe9ec08-6b6b-4993-9394-e280b429dbfd,2119
92dc699f-fcbc-4278-afbe-40b5ad060a55,2120
6b49dc39-cb6f-465f-980b-bc17a271da34,2121
bfd5aec5-62a2-4560-a316-7c46c17babda,2122
9390a27f-d63d-43ac-a771-a0e0794fee61,2123
dcaa4f81-bfb7-44eb-8594-4e74f004b6e4,2124
8b5d7dae-6430-473c-8cf6-f448a2e0d3f9,2125
2fa0d3ac-b64c-401a-b0a1-4915ba6cc157,2126
ac82cb46-f2b2-4f99-9cfa-d0c322a4ba16,2127
c0b2500e-0cef-4130-869d-732b23ed9df5,2128
2d1d8985-47bc-4244-8cc3-577584e411f6,2129
cbc9199f-944b-42e9-a945-627c9fc0ba6e,2130
e25216bf-b0ac-4bd3-bc5a-1f82a7d0274f,2131
c16fbb7e-57b1-462c-97c5-bd0e11248765,2132
28da4778-94c2-4c44-a053-c96e1c366eb8,2133
1d93c839-22e7-4f76-ad84-d27039efc048,2134
92bb085a-2924-4479-b627-181a1835d2f5,2135
f053ae01-dae6-4aae-9883-e8c279fdbef4,2136
dba7b6f3-8123-4a07-99d6-306acc41b7cd,2137
d94f79b0-c690-4a60-9a45-a37a11b78051,2138
a02b1a45-271c-4bc3-9d82-68bb896cb5fd,2139
057aa66c-cf6e-499d-bda8-5adc47ad4197,2140
43b58c98-3779-4b04-9a23-1c95cca3a145,2141
8f92558c-2baa-4758-8c38-615519e9deda,2142
2ecbd923-9daf-4f18-9250-e482ccec4c28,2143
ba99a190-6065-4930-be3d-55ecc48e365d,2144
ce55e49a-32f4-4757-9849-bf04d06d5fcc,2145
ccc7485d-52b8-4d11-820e-5fabe43ccf20,2146
7892c869-1e2b-4b38-8540-4caff7dd2b49,2147
acf6c776-d0f6-4239-b5a2-a45a613ffa52,2148
ff7f80cd-05c2-4068-a00e-fbfbd453d049,2149
f180cec2-9421-4417-a841-c7372090d13d,2150
d7311646-287b-4d3a-9a4f-7d46f93075e5,2151
b10bbbfc-cf9e-42e0-be17-e2c3e1d2600d,2152
aaae25bf-c794-45d7-bab7-cdc7c655bfa6,2153
2645702c-97a3-45dd-b408-707362116101,2154
ef4db186-ff43-4708-a713-3ce1e05657a1,2155
1138a764-2212-4d0a-b02d-0dc14df91e08,2156
14387b0f-765c-4852-852f-135335790466,2157
e471b63c-c3b5-4f62-a971-cd0b2273838f,2158
2e3b75d8-00a8-486a-b4e7-a1f8f65e64c9,2159
b202beb7-99bd-47e7-8b72-195c8d72ebdd,2160
d614b0ad-fe3a-4927-b413-48cb831a814b,2161
1ea2c08f-323c-4207-9af1-e2fb8588f08e,2162
a94a7155-c79d-4409-9fcf-220cb0e4dc3a,2163
1de93a63-3a9f-443a-ba8a-a43b5fe0121e,2164
66f0dcaa-1680-4ef3-9b63-8b2ac24d0b58,2165
0cdb0359-5698-487d-9aae-a25fb4dcdc4d,2166
9a709693-b4f8-4da9-8cc1-038c911a61be,2167
28cbf94d-0700-4095-a188-37e373b069a7,2168
cd3ec2cf-3a76-4f3f-9b77-2135a1d24602,2169
4f4bda3c-d636-4135-b65a-6cc26bc75788,2170
7113aab7-628f-4050-ae49-dbecac110ca8,2171
061c4920-3ea6-4835-98f6-02f3b82f5e3a,2172
7d209631-ccb8-4a87-8516-64abe4c22dba,2173
e01646f2-2a04-450d-8bf2-0d993082e058,2174
b9a2a9a6-7a40-48a6-bcb1-8eff5b89ad5b,2175
9fdaa16b-a6c4-4831-b87c-bc9ca8ce7eaa,2176
5e8da504-c75b-4bf5-9dfc-119057c1a9c0,2177
3eab4de9-a578-4327-8909-f90ffc1b8ae5,2178
1517c06e-2fe2-452a-981c-b3d9077e0520,2179
2ab30461-12e3-4c97-b716-c39f13015d29,2180
76b2e842-5e85-4c97-ab62-d5bc315595b5,2181
c78a77fa-507c-4c07-947a-0355029453bd,2182
65314b12-0e08-43fa-ba33-baaa7b874c15,2183
49576e42-fbbd-4d73-968d-93c8dcf7f065,2184
a6de8ef9-b1a1-4756-97aa-481bbb8a4069,2185
9b21f670-8359-4e11-be1d-bf75b649a719,2186
82eb8936-7bf6-4577-8320-a2639465206d,2187
07eb40a2-2914-439c-a01d-15a685b84ddf,2188
e6424fa5-08d3-41c6-96f3-8549f733708c,2189
3599a39e-4e10-4cb5-90d4-c8a015ebc73b,2190
cd8c5019-5d75-4d5c-bc28-e1e26a7dd5c8,2191
696d8523-39a0-44e2-9add-afaa183a2f46,2192
1cc5adcd-1422-4b5c-a3cd-3ecd4f43f506,2193
41aa2734-ec86-4197-a074-d44886e7da8d,2194
f969f986-97df-4fa0-8cef-ffccd098ff50,2195
d2ff6b6b-fc30-48dc-8952-06f9d8fc64f8,2196
fd3c3f9f-a471-498e-ab3a-940ac20b6bbd,2197
3f2e771c-6559-4603-8c4a-90c89bc94aa1,2198
45be8e20-3c3c-4e78-98f0-b5bdecf2f703,2199
535d32a0-9b0f-4324-a4cb-df2abe6ede69,2200
302bd7b9-d012-4360-897a-93b00c855680,2201
9ffad8aa-b671-4a9a-a527-a95bdaaa0ec4,2202
8682866a-4f7a-43f5-83b2-06eabd0f2d4c,2203
f6f2326f-6b25-4170-b89d-e235b25508e8,2204
c1b33d24-743b-4a5a-8c5c-63b3362cee6e,2205
596ffa74-3d08-44ef-b113-765d43d12738,2206
82a5b152-ee60-4447-939a-dd5a91cd7c38,2207
709b6c87-4870-4596-b981-afdc61f39476,2208
032f633a-db44-4ab4-af09-a892de2a8773,2209
e11051f9-0098-41aa-9edb-8dacd8f1c6b5,2210
0c6b687a-1225-47a1-b6a9-55381755ecf4,2211
8b2350de-b682-4fe7-ad8f-4508d7b6c697,2212
5d02f264-e225-41ff-83f7-d9b1f0b1874a,2213
e940d7a3-01d0-468c-86ea-5dc4d89dcf80,2214
5385c403-1c49-4f2f-9b98-7085b5c84371,2215
87225a21-c925-41cd-852f-be4b052d0824,2216
c80f38a6-9980-485d-997c-5c1a9cbd0d64,2217
03d8f83e-a647-4bde-968a-189c0f147783,2218
6e4277d8-7b64-44a3-b823-13bd15114e22,2219
22a40b75-affc-4e69-8884-266d087e4751,2220
f59c5520-5f46-4d2c-b2c4-822eabf53419,2221
ceafdf2f-bc18-4b99-8c71-d1834b0065c3,2222
ad279295-653f-42e1-9aaa-b731df2e78ba,2223
5e6c760b-42e0-4df4-a221-0269355da00a,2224
6ee8668b-b4e1-48cf-ba25-a6f7c8bf864d,2225
fb7272ba-f130-4f0a-934d-6eeea4c18c9a,2226
a63df8c3-28e4-41db-bac2-c6c6e8ff8f28,2227
2f548675-008d-4332-876c-108b0c7ab9c5,2228
a436dd02-0549-4c91-b608-df451217fdeb,2229
6318e724-7e6b-4e41-a35b-080065077c80,2230
fbcd7b29-455f-49e6-9c4f-8249d20a055e,2231
349fd7a7-183b-4139-a4ee-1d9b7146f8a1,2232
ab7ebf8c-059f-4071-93b1-dd3ae80d60b2,2233
ac9a487a-d9d2-4f27-bb23-0f4686488345,2234
69b39eab-6577-46a4-a9f5-817839092033,2235
309c62ba-7a22-4277-9f67-4a162526d18a,2236
e0953daa-860f-4dc8-9f1a-b12587cdaf17,2237
5a8688d2-696f-4060-9dd0-f772886ff95b,2238
ca5b38c2-f39d-45a4-ad3d-daf4448846ef,2239
8974da95-e631-45aa-8fd7-aa0c2795f997,2240
8067c102-4996-42bc-9980-06ce2e644eae,2241
39c2a93d-9afa-4a22-9bba-c087ab056e1c,2242
